address,account_number,bill_date,billing_period_start,billing_period_end,fresh_water_usage,waste_water_usage,fresh_water_rate,fresh_water_fixed_charge,waste_water_rate,waste_water_fixed_charge,latest_charges,number_of_bedrooms,customer_id,total_water_usage,anomaly_score,anomaly_flag
"23 Cornmarket Street, Oxford, OX1 3HA",CUST0001,2018-07-02,01-01-2018,02-07-2018,102,102,2.47,31.0,1.54,65.0,505.02,,CUST0001,204,0.013578080152596983,0
"23 Cornmarket Street, Oxford, OX1 3HA",CUST0001,2019-01-01,03-07-2018,01-01-2019,68,68,2.47,31.0,1.54,65.0,368.68,,CUST0001,136,-0.01991229955838414,0
"23 Cornmarket Street, Oxford, OX1 3HA",CUST0001,2019-07-03,02-01-2019,03-07-2019,83,83,2.47,31.0,1.54,65.0,428.83,,CUST0001,166,0.04188824543596886,0
"23 Cornmarket Street, Oxford, OX1 3HA",CUST0001,2020-01-02,04-07-2019,02-01-2020,75,75,2.47,31.0,1.54,65.0,396.75,,CUST0001,150,0.05915230215289041,0
"23 Cornmarket Street, Oxford, OX1 3HA",CUST0001,2020-07-03,03-01-2020,03-07-2020,127,127,2.47,31.0,1.54,65.0,605.27,,CUST0001,254,0.01678780575680766,0
"23 Cornmarket Street, Oxford, OX1 3HA",CUST0001,2021-01-02,04-07-2020,02-01-2021,136,136,2.47,31.0,1.54,65.0,641.36,,CUST0001,272,-0.038083764505780326,0
"8 Market Square, Witney, OX28 6BB",CUST0002,2018-07-02,01-01-2018,02-07-2018,87,87,2.47,31.0,1.54,65.0,444.87,,CUST0002,174,0.18278395837928474,0
"8 Market Square, Witney, OX28 6BB",CUST0002,2019-01-01,03-07-2018,01-01-2019,137,137,2.47,31.0,1.54,65.0,645.37,,CUST0002,274,0.003605871028476093,0
"8 Market Square, Witney, OX28 6BB",CUST0002,2019-07-03,02-01-2019,03-07-2019,77,77,2.47,31.0,1.54,65.0,404.77,,CUST0002,154,0.14007992063921915,0
"12 Broad Street, Abingdon, OX14 3LH",CUST0003,2018-07-02,01-01-2018,02-07-2018,79,79,2.47,31.0,1.54,65.0,412.79,,CUST0003,158,0.03665130435649355,0
"12 Broad Street, Abingdon, OX14 3LH",CUST0003,2019-01-01,03-07-2018,01-01-2019,112,112,2.47,31.0,1.54,65.0,545.12,,CUST0003,224,0.18278395837928474,0
"12 Broad Street, Abingdon, OX14 3LH",CUST0003,2019-07-03,02-01-2019,03-07-2019,131,131,2.47,31.0,1.54,65.0,621.31,,CUST0003,262,0.11441088326464915,0
"62 High Street, Leighton Buzzard, LU7 1EA",CUST0004,2018-07-02,01-01-2018,02-07-2018,106,106,2.47,31.0,1.54,65.0,521.06,,CUST0004,212,0.019105484338025336,0
"62 High Street, Leighton Buzzard, LU7 1EA",CUST0004,2019-01-01,03-07-2018,01-01-2019,130,130,2.47,31.0,1.54,65.0,617.3,,CUST0004,260,0.08549979123302859,0
"62 High Street, Leighton Buzzard, LU7 1EA",CUST0004,2019-07-03,02-01-2019,03-07-2019,99,99,2.47,31.0,1.54,65.0,492.99,,CUST0004,198,-0.06611002248614029,0
"62 High Street, Leighton Buzzard, LU7 1EA",CUST0004,2020-01-02,04-07-2019,02-01-2020,115,115,2.47,31.0,1.54,65.0,557.15,,CUST0004,230,0.054928703535720436,0
"62 High Street, Leighton Buzzard, LU7 1EA",CUST0004,2020-07-03,03-01-2020,03-07-2020,135,135,2.47,31.0,1.54,65.0,637.35,,CUST0004,270,0.002936642575916304,0
"62 Hihg Street, Leighton Buzzard, LU7 1EA",CUST0004,2021-01-02,04-07-2020,02-01-2021,125,125,2.47,31.0,1.54,65.0,597.25,,CUST0004,250,0.08718819935486866,0
"62 High Street, Leighton Buzzard, LU7 1EA",CUST0004,2021-07-04,03-01-2021,04-07-2021,129,129,2.47,31.0,1.54,65.0,613.29,,CUST0004,258,0.09675324192977697,0
"62 High Street, Leighton Buzzard, LU7 1EA",CUST0004,2022-01-03,05-07-2021,03-01-2022,119,119,2.47,31.0,1.54,65.0,1377.42,,CUST0004,238,-0.14663634819005666,1
"17 Market Square, Aylesbury, HP20 1TN",CUST0005,2018-07-02,01-01-2018,02-07-2018,123,123,2.47,31.0,1.54,65.0,589.23,,CUST0005,246,0.0144506927640633,0
"17 Market Square, Aylesbury, HP20 1TN",CUST0005,2019-01-01,03-07-2018,01-01-2019,98,98,2.47,31.0,1.54,65.0,488.98,,CUST0005,196,0.03924181072474259,0
"17 Marekt Square, Aylesbury, HP20 1TN",CUST0005,2019-07-03,02-01-2019,03-07-2019,121,121,2.47,31.0,1.54,65.0,581.21,,CUST0005,242,0.027008647430118604,0
"17 Marekt Square, Aylesbury, HP20 1TN",CUST0005,2020-01-02,04-07-2019,02-01-2020,98,98,2.47,31.0,1.54,65.0,488.98,,CUST0005,196,0.03924181072474259,0
"12 Commercial Road, Swindon, SN1 5NX",CUST0006,2018-07-02,01-01-2018,02-07-2018,112,112,2.47,31.0,1.54,65.0,545.12,,CUST0006,224,0.052088327443196636,0
"12 Commercial Road, Swindon, SN1 5NX",CUST0006,2019-01-01,03-07-2018,01-01-2019,134,134,2.47,31.0,1.54,65.0,633.34,,CUST0006,268,-0.046125394968597466,0
"12 Commercial Road, Swindon, SN1 5NX",CUST0006,2019-07-03,02-01-2019,03-07-2019,98,98,2.47,31.0,1.54,65.0,438.87,,CUST0006,196,0.03190901257014894,0
"12 Commercial Road, Swindon, SN1 5NX",CUST0006,2020-01-02,04-07-2019,02-01-2020,80,80,2.47,31.0,1.54,65.0,416.8,,CUST0006,160,0.044911162307551045,0
"12 Commercial Road, Swindon, SN1 5NX",CUST0006,2020-07-03,03-01-2020,03-07-2020,121,121,2.47,31.0,1.54,65.0,581.21,,CUST0006,242,0.05731709911081101,0
"12 Commercial Road, Swindon, SN1 5NX",CUST0006,2021-01-02,04-07-2020,02-01-2021,71,71,2.47,31.0,1.54,65.0,380.71,,CUST0006,142,-0.04641552677528149,0
"45 Smith Street, Warwick, CV34 4JA",CUST0007,2018-07-02,01-01-2018,02-07-2018,100,100,2.47,31.0,1.54,65.0,497.0,,CUST0007,200,0.15072399802254388,0
"45 Smith Street, Warwick, CV34 4JA",CUST0007,2019-01-01,03-07-2018,01-01-2019,90,90,2.47,31.0,1.54,65.0,456.9,,CUST0007,180,0.1387562406790408,0
"45 Smith Street, Warwick, CV34 4JA",CUST0007,2019-07-03,02-01-2019,03-07-2019,120,120,2.47,31.0,1.54,65.0,577.2,,CUST0007,240,-0.00406980018631431,0
"45 Smith Street, Warwick, CV34 4JA",CUST0007,2020-01-02,04-07-2019,02-01-2020,62,62,2.47,31.0,1.54,65.0,344.62,,CUST0007,124,-0.06609384462950263,0
"30 High Street, High Wycombe, HP11 2AZ",CUST0008,2018-07-02,01-01-2018,02-07-2018,126,130,2.47,31.0,1.54,65.0,607.42,,CUST0008,256,0.04178502639349935,0
"30 High Street, High Wycombe, HP11 2AZ",CUST0008,2019-01-01,03-07-2018,01-01-2019,111,116,2.47,31.0,1.54,65.0,548.81,,CUST0008,227,0.09687174157859829,0
"30 High Street, High Wycombe, HP11 2AZ",CUST0008,2019-07-03,02-01-2019,03-07-2019,124,124,2.47,31.0,1.54,65.0,593.24,,CUST0008,248,0.0859184305184375,0
"30 High Street, High Wycombe, HP11 2AZ",CUST0008,2020-01-02,04-07-2019,02-01-2020,84,84,2.47,31.0,1.54,65.0,432.84,,CUST0008,168,-0.14541132115154887,1
"30 High Street, High Wycombe, HP11 2AZ",CUST0008,2020-07-03,03-01-2020,03-07-2020,107,107,2.47,31.0,1.54,65.0,525.07,,CUST0008,214,0.06699757214980895,0
"66 Market Square, Witney, OX28 6BB",CUST0009,2018-07-02,01-01-2018,02-07-2018,101,101,2.47,31.0,1.54,65.0,501.01,,CUST0009,202,0.13716849032025863,0
"66 Market Square, Witney, OX28 6BB",CUST0009,2019-01-01,03-07-2018,01-01-2019,100,100,2.47,31.0,1.54,65.0,497.0,,CUST0009,200,0.12062076653258963,0
"66 Market Square, Witney, OX28 6BB",CUST0009,2019-07-03,02-01-2019,03-07-2019,137,137,2.47,31.0,1.54,65.0,645.37,,CUST0009,274,-0.09612523977013365,0
"66 Market Square, Witney, OX28 6BB",CUST0009,2020-01-02,04-07-2019,02-01-2020,120,120,2.47,31.0,1.54,65.0,577.2,,CUST0009,240,0.024661027990380557,0
"66 Market Square, Witney, OX28 6BB",CUST0009,2020-07-03,03-01-2020,03-07-2020,71,71,2.47,31.0,1.54,65.0,380.71,,CUST0009,142,-0.15369681611540997,1
"66 Market Square, Witney, OX28 6BB",CUST0009,2021-01-02,04-07-2020,02-01-2021,105,105,2.47,31.0,1.54,65.0,517.05,,CUST0009,210,0.10919643068081947,0
"47 High Street, Reading, RG1 2AA",CUST0010,2018-07-02,01-01-2018,02-07-2018,104,104,2.47,31.0,1.54,65.0,513.04,,CUST0010,208,0.06065209484649586,0
"47 High Street, Reading, RG1 2AA",CUST0010,2019-01-01,03-07-2018,01-01-2019,85,85,2.47,31.0,1.54,65.0,436.85,,CUST0010,170,-0.010054807892423079,0
"47 High Street, Reading, RG1 2AA",CUST0010,2019-07-03,02-01-2019,03-07-2019,120,120,2.47,31.0,1.54,65.0,577.2,,CUST0010,240,0.007101794227092895,0
"47 High Street, Reading, RG1 2AA",CUST0010,2020-01-02,04-07-2019,02-01-2020,99,99,2.47,31.0,1.54,65.0,492.99,,CUST0010,198,0.06339663062216278,0
"47 High Street, Reading, RG1 2AA",CUST0010,2020-07-03,03-01-2020,03-07-2020,134,134,2.47,31.0,1.54,65.0,633.34,,CUST0010,268,0.017060639216199824,0
"47 High Street, Reading, RG1 2AA",CUST0010,2021-01-02,04-07-2020,02-01-2021,132,132,2.47,31.0,1.54,65.0,625.32,,CUST0010,264,0.032758368649984104,0
"47 High Street, Reading, RG1 2AA",CUST0010,2021-07-04,03-01-2021,04-07-2021,66,66,2.47,31.0,1.54,65.0,360.66,,CUST0010,132,-0.13079525819994742,0
"29 Sheep Street, Stow-on-the-Wold, GL54 1AA",CUST0011,2018-07-02,01-01-2018,02-07-2018,130,130,2.47,31.0,1.54,65.0,617.3,,CUST0011,260,0.0834442265294123,0
"29 Sheep Street, Stow-on-the-Wold, GL54 1AA",CUST0011,2019-01-01,03-07-2018,01-01-2019,98,98,2.47,31.0,1.54,65.0,488.98,,CUST0011,196,0.036292850595286474,0
"29 Sheep Street, Stow-on-the-Wold, GL54 1AA",CUST0011,2019-07-03,02-01-2019,03-07-2019,130,130,2.47,31.0,1.54,65.0,617.3,,CUST0011,260,0.0834442265294123,0
"29 Sheep Street, Stow-on-the-Wold, GL54 1AA",CUST0011,2020-01-02,04-07-2019,02-01-2020,70,70,2.47,31.0,1.54,65.0,376.7,,CUST0011,140,-0.12647001924822354,0
"29 Sheep Street, Stow-on-the-Wold, GL54 1AA",CUST0011,2020-07-03,03-01-2020,03-07-2020,113,113,2.47,31.0,1.54,65.0,549.13,,CUST0011,226,0.052574999445379966,0
"31 High Street, Kettering, NN16 8SP",CUST0012,2018-07-02,01-01-2018,02-07-2018,111,111,2.47,31.0,1.54,65.0,541.11,,CUST0012,222,0.06500679034158113,0
"31 High Street, Kettering, NN16 8SP",CUST0012,2019-01-01,03-07-2018,01-01-2019,90,90,2.47,31.0,1.54,65.0,456.9,,CUST0012,180,0.18278395837928474,0
"31 High Street, Kettering, NN16 8SP",CUST0012,2019-07-03,02-01-2019,03-07-2019,76,76,2.47,31.0,1.54,65.0,400.76,,CUST0012,152,0.08927585459563336,0
"8 Market Square, Northampton, NN1 2DL",CUST0013,2018-07-02,01-01-2018,02-07-2018,126,126,2.47,31.0,1.54,65.0,601.26,,CUST0013,252,0.0808547060825977,0
"8 Market Square, Northampton, NN1 2DL",CUST0013,2019-01-01,03-07-2018,01-01-2019,135,135,2.47,31.0,1.54,65.0,704.91,,CUST0013,270,-0.08563838975822546,0
"8 Market Square, Northampton, NN1 2DL",CUST0013,2019-07-03,02-01-2019,03-07-2019,110,110,2.47,31.0,1.54,65.0,537.1,,CUST0013,220,-0.028046374512522787,0
"8 Market Square, Northampton, NN1 2DL",CUST0013,2020-01-02,04-07-2019,02-01-2020,125,125,2.47,31.0,1.54,65.0,597.25,,CUST0013,250,0.06939289493065498,0
"8 Market Square, Northampton, NN1 2DL",CUST0013,2020-07-03,03-01-2020,03-07-2020,83,83,2.47,31.0,1.54,65.0,428.83,,CUST0013,166,-0.05180750533400591,0
"8 Market Square, Northampton, NN1 2DL",CUST0013,2021-01-02,04-07-2020,02-01-2021,71,71,2.47,31.0,1.54,65.0,380.71,,CUST0013,142,-0.04364238329865666,0
"8 Market Square, Northampton, NN1 2DL",CUST0013,2021-07-04,03-01-2021,04-07-2021,74,74,2.47,31.0,1.54,65.0,392.74,,CUST0013,148,-0.009333891034754904,0
"8 Market Square, Northampton, NN1 2DL",CUST0013,2022-01-03,05-07-2021,03-01-2022,130,130,2.47,31.0,1.54,65.0,617.3,,CUST0013,260,0.04699079207245832,0
"25 The Parade, Leamington Spa, CV32 4DW",CUST0014,2018-07-02,01-01-2018,02-07-2018,107,110,2.47,31.0,1.54,65.0,529.69,,CUST0014,217,-0.00792493474304945,0
"25 The Parade, Leamington Spa, CV32 4DW",CUST0014,2019-01-01,03-07-2018,01-01-2019,106,106,2.47,31.0,1.54,65.0,521.06,,CUST0014,212,0.14825075109959168,0
"25 The Parade, Leamington Spa, CV32 4DW",CUST0014,2019-07-03,02-01-2019,03-07-2019,105,108,2.47,31.0,1.54,65.0,521.67,,CUST0014,213,0.18278395837928474,0
"62 South Street, Worthing, BN11 3AA",CUST0015,2018-07-02,01-01-2018,02-07-2018,122,124,2.47,31.0,1.54,65.0,588.3,,CUST0015,246,0.00929245297640946,0
"62 South Street, Worthing, BN11 3AA",CUST0015,2019-01-01,03-07-2018,01-01-2019,61,61,2.47,31.0,1.54,65.0,340.61,,CUST0015,122,-0.0746257177900358,0
"62 South Sreet, Worthing, BN11 3AA",CUST0015,2019-07-03,02-01-2019,03-07-2019,99,99,2.47,31.0,1.54,65.0,492.99,,CUST0015,198,0.17371613083167325,0
"62 South Street, Worthing, BN11 3AA",CUST0015,2020-01-02,04-07-2019,02-01-2020,101,101,2.47,31.0,1.54,65.0,501.01,,CUST0015,202,0.17758065690571379,0
"62 South Street, Worthing, BN11 3AA",CUST0015,2020-07-03,03-01-2020,03-07-2020,92,92,2.47,31.0,1.54,65.0,1072.92,,CUST0015,184,-0.0561028789178486,0
"31 South Street, Worthing, BN11 3AA",CUST0016,2018-07-02,01-01-2018,02-07-2018,72,75,2.47,31.0,1.54,65.0,389.34,,CUST0016,147,0.18278395837928474,0
"31 South Street, Worthing, BN11 3AA",CUST0016,2019-01-01,03-07-2018,01-01-2019,68,68,2.47,31.0,1.54,65.0,368.68,,CUST0016,136,0.003605871028476093,0
"31 South Street, Worthing, BN11 3AA",CUST0016,2019-07-03,02-01-2019,03-07-2019,75,75,2.47,31.0,1.54,65.0,396.75,,CUST0016,150,0.14007992063921915,0
"26 Hart Street, Henley-on-Thames, RG9 2AR",CUST0017,2018-07-02,01-01-2018,02-07-2018,140,140,2.47,31.0,1.54,65.0,657.4,,CUST0017,280,-0.09293591910064081,0
"26 Hart Street, Henley-on-Thames, RG9 2AR",CUST0017,2019-01-01,03-07-2018,01-01-2019,109,109,2.47,31.0,1.54,65.0,533.09,,CUST0017,218,0.11840586418848126,0
"26 Hart Street, Henley-on-Thames, RG9 2AR",CUST0017,2019-07-03,02-01-2019,03-07-2019,134,134,2.47,31.0,1.54,65.0,633.34,,CUST0017,268,-0.06506782598306948,0
"26 Hart Street, Henley-on-Thames, RG9 2AR",CUST0017,2020-01-02,04-07-2019,02-01-2020,97,97,2.47,31.0,1.54,65.0,484.97,,CUST0017,194,-0.1438576390208769,0
"26 Hart Street, Henley-on-Thames, RG9 2AR",CUST0017,2020-07-03,03-01-2020,03-07-2020,110,110,2.47,31.0,1.54,65.0,537.1,,CUST0017,220,0.10122843043577712,0
"26 Hart Street, Henley-on-Thames, RG9 2AR",CUST0017,2021-01-02,04-07-2020,02-01-2021,112,112,2.47,31.0,1.54,65.0,545.12,,CUST0017,224,0.03717809098158453,0
"26 Hart Street, Henley-on-Thames, RG9 2AR",CUST0017,2021-07-04,03-01-2021,04-07-2021,109,109,2.47,31.0,1.54,65.0,533.09,,CUST0017,218,0.11840586418848126,0
"41 Queen Street, Bicester, OX26 2NY",CUST0018,2018-07-02,01-01-2018,02-07-2018,98,98,2.47,31.0,1.54,65.0,488.98,,CUST0018,196,0.09096291928137323,0
"33 Promenade, Cheltenham, GL50 1NW",CUST0018,2019-01-01,03-07-2018,01-01-2019,76,76,2.47,31.0,1.54,65.0,400.76,,CUST0018,152,-0.08977547516850781,0
"41 Queen Street, Bicester, OX26 2NY",CUST0018,2019-07-03,02-01-2019,03-07-2019,139,139,2.47,31.0,1.54,65.0,653.39,,CUST0018,278,-0.10853243462006534,0
"41 Queen Street, Bicester, OX26 2NY",CUST0018,2020-01-02,04-07-2019,02-01-2020,84,84,2.47,31.0,1.54,65.0,432.84,,CUST0018,168,0.023048095941412328,0
"41 Queen Street, Bicester, OX26 2NY",CUST0018,2020-07-03,03-01-2020,03-07-2020,92,92,2.47,31.0,1.54,65.0,464.92,,CUST0018,184,0.05584495427625824,0
"33 Promenade, Cheltenham, GL50 1NW",CUST0018,2021-01-02,04-07-2020,02-01-2021,99,99,2.47,31.0,1.54,65.0,492.99,,CUST0018,198,0.09159339467150035,0
"41 Queen Street, Bicester, OX26 2NY",CUST0018,2021-07-04,03-01-2021,04-07-2021,131,131,2.47,31.0,1.54,65.0,621.31,,CUST0018,262,-0.07366561682251682,0
"41 Queen Street, Bicester, OX26 2NY",CUST0018,2022-01-03,05-07-2021,03-01-2022,102,102,2.47,31.0,1.54,65.0,505.02,,CUST0018,204,0.03489629107806835,0
"12 High Street, Winchester, SO23 9JX",CUST0019,2018-07-02,01-01-2018,02-07-2018,114,114,2.47,31.0,1.54,65.0,553.14,,CUST0019,228,0.060279830547662505,0
"12 High Street, Winchester, SO23 9JX",CUST0019,2019-01-01,03-07-2018,01-01-2019,76,76,2.47,31.0,1.54,65.0,400.76,,CUST0019,152,-0.09156291251321702,0
"12 High Street, Winchester, SO23 9JX",CUST0019,2019-07-03,02-01-2019,03-07-2019,110,110,2.47,31.0,1.54,65.0,537.1,,CUST0019,220,0.04930983494902108,0
"12 High Street, Winchester, SO23 9JX",CUST0019,2020-01-02,04-07-2019,02-01-2020,86,86,2.47,31.0,1.54,65.0,440.86,,CUST0019,172,-0.018858052146827342,0
"12 High Street, Winchester, SO23 9JX",CUST0019,2020-07-03,03-01-2020,03-07-2020,131,131,2.47,31.0,1.54,65.0,621.31,,CUST0019,262,0.033354127329953076,0
"12 High Street, Winchester, SO23 9JX",CUST0019,2021-01-02,04-07-2020,02-01-2021,133,133,2.47,31.0,1.54,65.0,629.33,,CUST0019,266,0.022473866778932095,0
"5 Hart Street, Henley-on-Thames, RG9 2AR",CUST0020,2018-07-02,01-01-2018,02-07-2018,135,135,2.47,31.0,1.54,65.0,637.35,,CUST0020,270,0.055752340077019236,0
"5 Hart Street, Henley-on-Thames, RG9 2AR",CUST0020,2019-01-01,03-07-2018,01-01-2019,129,129,2.47,31.0,1.54,65.0,613.29,,CUST0020,258,0.09034887302806,0
"5 Hart Street, Henley-on-Thames, RG9 2AR",CUST0020,2019-07-03,02-01-2019,03-07-2019,78,78,2.47,31.0,1.54,65.0,408.78,,CUST0020,156,-0.2354228757566289,1
"5 Hart Street, Henley-on-Thames, RG9 2AR",CUST0020,2020-01-02,04-07-2019,02-01-2020,134,134,2.47,31.0,1.54,65.0,633.34,,CUST0020,268,0.0755805577398197,0
"5 Hart Street, Henley-on-Thames, RG9 2AR",CUST0020,2020-07-03,03-01-2020,03-07-2020,126,126,2.47,31.0,1.54,65.0,601.26,,CUST0020,252,0.10797175040771995,0
"5 Hart Street, Henley-on-Thames, RG9 2AR",CUST0020,2021-01-02,04-07-2020,02-01-2021,123,123,2.47,31.0,1.54,65.0,589.23,,CUST0020,246,0.04655702996853772,0
"13 Market Place, Devizes, SN10 1HT",CUST0021,2018-07-02,01-01-2018,02-07-2018,113,113,2.47,31.0,1.54,65.0,549.13,,CUST0021,226,0.04226079605682115,0
"13 Market Place, Devizes, SN10 1HT",CUST0021,2019-01-01,03-07-2018,01-01-2019,88,88,2.47,31.0,1.54,65.0,448.88,,CUST0021,176,0.043347613570342836,0
"13 Market Place, Devizes, SN10 1HT",CUST0021,2019-07-03,02-01-2019,03-07-2019,68,68,2.47,31.0,1.54,65.0,368.68,,CUST0021,136,-0.026761169192034084,0
"13 Market Place, Devizes, SN10 1HT",CUST0021,2020-01-02,04-07-2019,02-01-2020,138,138,2.47,31.0,1.54,65.0,649.38,,CUST0021,276,-0.13746063149793186,0
"13 Market Place, Devizes, SN10 1HT",CUST0021,2020-07-03,03-01-2020,03-07-2020,72,72,2.47,31.0,1.54,65.0,384.72,,CUST0021,144,0.008756741822567415,0
"13 Market Place, Devizes, SN10 1HT",CUST0021,2021-01-02,04-07-2020,02-01-2021,85,85,2.47,31.0,1.54,65.0,436.85,,CUST0021,170,0.05185906503984611,0
"13 Market Place, Devizes, SN10 1HT",CUST0021,2021-07-04,03-01-2021,04-07-2021,114,114,2.47,31.0,1.54,65.0,553.14,,CUST0021,228,0.04309174382438674,0
"8 Market Place, Newbury, RG14 5BD",CUST0022,2018-07-02,01-01-2018,02-07-2018,120,120,2.47,31.0,1.54,65.0,577.2,,CUST0022,240,0.05230764763978285,0
"8 Market Place, Newbury, RG14 5BD",CUST0022,2019-01-01,03-07-2018,01-01-2019,74,74,2.47,31.0,1.54,65.0,392.74,,CUST0022,148,-0.11479533621173565,0
"8 Market Place, Newbury, RG14 5BD",CUST0022,2019-07-03,02-01-2019,03-07-2019,115,115,2.47,31.0,1.54,65.0,557.15,,CUST0022,230,0.04071872014573247,0
"8 Market Place, Newbury, RG14 5BD",CUST0022,2020-01-02,04-07-2019,02-01-2020,87,87,2.47,31.0,1.54,65.0,444.87,,CUST0022,174,0.05203411786648693,0
"8 Market Place, Newbury, RG14 5BD",CUST0022,2020-07-03,03-01-2020,03-07-2020,127,127,2.47,31.0,1.54,65.0,605.27,,CUST0022,254,-0.042364218482199734,0
"8 Market Place, Newbury, RG14 5BD",CUST0022,2021-01-02,04-07-2020,02-01-2021,102,102,2.47,31.0,1.54,65.0,505.02,,CUST0022,204,0.019399887196569543,0
"8 Market Place, Newbury, RG14 5BD",CUST0022,2021-07-04,03-01-2021,04-07-2021,91,91,2.47,31.0,1.54,65.0,460.91,,CUST0022,182,0.059015254109717974,0
"69 Market Place, Newbury, RG14 5BD",CUST0023,2018-07-02,01-01-2018,02-07-2018,79,79,2.47,31.0,1.54,65.0,412.79,,CUST0023,158,0.12637841446443837,0
"69 Market Place, Newbury, RG14 5BD",CUST0023,2019-01-01,03-07-2018,01-01-2019,87,87,2.47,31.0,1.54,65.0,444.87,,CUST0023,174,0.14145069487452083,0
"69 Market Place, Newbury, RG14 5BD",CUST0023,2019-07-03,02-01-2019,03-07-2019,100,100,2.47,31.0,1.54,65.0,497.0,,CUST0023,200,0.005277105564112816,0
"69 Market Place, Newbury, RG14 5BD",CUST0023,2020-01-02,04-07-2019,02-01-2020,61,61,2.47,31.0,1.54,65.0,340.61,,CUST0023,122,-0.059772076763514814,0
"31 Sheep Street, Chipping Norton, OX7 5EJ",CUST0024,2018-07-02,01-01-2018,02-07-2018,114,114,2.47,31.0,1.54,65.0,553.14,,CUST0024,228,0.04721215252612643,0
"31 Sheep Street, Chipping Norton, OX7 5EJ",CUST0024,2019-01-01,03-07-2018,01-01-2019,123,123,2.47,31.0,1.54,65.0,624.25,,CUST0024,246,-0.014660451718337297,0
"31 Sheep Street, Chipping Norton, OX7 5EJ",CUST0024,2019-07-03,02-01-2019,03-07-2019,63,63,2.47,31.0,1.54,65.0,348.63,,CUST0024,126,-0.06109452311721275,0
"31 Sheep Street, Chipping Norton, OX7 5EJ",CUST0024,2020-01-02,04-07-2019,02-01-2020,90,90,2.47,31.0,1.54,65.0,456.9,,CUST0024,180,0.08220158613095935,0
"31 Sheep Street, Chipping Norton, OX7 5EJ",CUST0024,2020-07-03,03-01-2020,03-07-2020,82,82,2.47,31.0,1.54,65.0,424.82,,CUST0024,164,0.0834442265294123,0
"22 Castle Street, Salisbury, SP1 3UD",CUST0025,2018-07-02,01-01-2018,02-07-2018,133,133,2.47,31.0,1.54,65.0,629.33,,CUST0025,266,-0.01853346801661293,0
"22 Castle Sreet, Salisbury, SP1 3UD",CUST0025,2019-01-01,03-07-2018,01-01-2019,107,107,2.47,31.0,1.54,65.0,525.07,,CUST0025,214,-0.05062966258176449,0
"22 Castle Street, Salisbury, SP1 3UD",CUST0025,2019-07-03,02-01-2019,03-07-2019,71,71,2.47,31.0,1.54,65.0,380.71,,CUST0025,142,-0.06781373003532565,0
"22 Castle Street, Salisbury, SP1 3UD",CUST0025,2020-01-02,04-07-2019,02-01-2020,77,77,2.47,31.0,1.54,65.0,404.77,,CUST0025,154,-0.038083764505780326,0
"22 Castle Street, Salisbury, SP1 3UD",CUST0025,2020-07-03,03-01-2020,03-07-2020,128,128,2.47,31.0,1.54,65.0,609.28,,CUST0025,256,0.11275388401718855,0
"22 Castle Street, Salisbury, SP1 3UD",CUST0025,2021-01-02,04-07-2020,02-01-2021,128,128,2.47,31.0,1.54,65.0,609.28,,CUST0025,256,0.11275388401718855,0
"42 High Street, Woodstock, OX20 1TG",CUST0026,2018-07-02,01-01-2018,02-07-2018,114,114,2.47,31.0,1.54,65.0,553.14,,CUST0026,228,0.18278395837928474,0
"42 High Street, Woodstock, OX20 1TG",CUST0026,2019-01-01,03-07-2018,01-01-2019,122,122,2.47,31.0,1.54,65.0,585.22,,CUST0026,244,0.0724343526170072,0
"42 High Street, Woodstock, OX20 1TG",CUST0026,2019-07-03,02-01-2019,03-07-2019,108,108,2.47,31.0,1.54,65.0,529.08,,CUST0026,216,0.0821408586325938,0
"82 Banbury Road, Oxford, OX2 6NN",CUST0027,2018-07-02,01-01-2018,02-07-2018,77,77,2.47,31.0,1.54,65.0,404.77,,CUST0027,154,0.07215966006028113,0
"47 High Street North, Dunstable, LU6 1JX",CUST0027,2019-01-01,03-07-2018,01-01-2019,115,115,2.47,31.0,1.54,65.0,557.15,,CUST0027,230,-0.07525280407342805,0
"47 High Street North, Dunstable, LU6 1JX",CUST0027,2019-07-03,02-01-2019,03-07-2019,63,63,2.47,31.0,1.54,65.0,348.63,,CUST0027,126,-0.06712499524617721,0
"47 High Street North, Dunstable, LU6 1JX",CUST0027,2020-01-02,04-07-2019,02-01-2020,140,140,2.47,31.0,1.54,65.0,657.4,,CUST0027,280,-0.010851955307208283,0
"47 High Street North, Dunstable, LU6 1JX",CUST0027,2020-07-03,03-01-2020,03-07-2020,72,72,2.47,31.0,1.54,65.0,384.72,,CUST0027,144,0.044625333348235374,0
"47 High Street North, Dunstable, LU6 1JX",CUST0027,2021-01-02,04-07-2020,02-01-2021,80,80,2.47,31.0,1.54,65.0,416.8,,CUST0027,160,0.04126478309031256,0
"47 High Street North, Dunstable, LU6 1JX",CUST0027,2021-07-04,03-01-2021,04-07-2021,140,140,2.47,31.0,1.54,65.0,657.4,,CUST0027,280,-0.010851955307208283,0
"61 King Street, Maidenhead, SL6 1EF",CUST0028,2018-07-02,01-01-2018,02-07-2018,116,116,2.47,31.0,1.54,65.0,561.16,,CUST0028,232,0.18278395837928474,0
"61 King Street, Maidenhead, SL6 1EF",CUST0028,2019-01-01,03-07-2018,01-01-2019,136,136,2.47,31.0,1.54,65.0,641.36,,CUST0028,272,0.10995814250170133,0
"61 King Street, Maidenhead, SL6 1EF",CUST0028,2019-07-03,02-01-2019,03-07-2019,89,89,2.47,31.0,1.54,65.0,452.89,,CUST0028,178,0.04194092029100782,0
"89 Market Square, Northampton, NN1 2DL",CUST0029,2018-07-02,01-01-2018,02-07-2018,138,140,2.47,31.0,1.54,65.0,652.46,,CUST0029,278,0.007125584778574612,0
"89 Market Square, Northampton, NN1 2DL",CUST0029,2019-01-01,03-07-2018,01-01-2019,66,66,2.47,31.0,1.54,65.0,360.66,,CUST0029,132,-0.0746340659418081,0
"89 Market Square, Northampton, NN1 2DL",CUST0029,2019-07-03,02-01-2019,03-07-2019,116,116,2.47,31.0,1.54,65.0,561.16,,CUST0029,232,0.14941407117337763,0
"89 Market Square, Northampton, NN1 2DL",CUST0029,2020-01-02,04-07-2019,02-01-2020,103,103,2.47,31.0,1.54,65.0,509.03,,CUST0029,206,0.1333064346414758,0
"80 Bridge Street, Stratford-upon-Avon, CV37 6AB",CUST0030,2018-07-02,01-01-2018,02-07-2018,85,88,2.47,31.0,1.54,65.0,441.47,,CUST0030,173,0.03665130435649355,0
"80 Bridge Street, Stratford-upon-Avon, CV37 6AB",CUST0030,2019-01-01,03-07-2018,01-01-2019,137,137,2.47,31.0,1.54,65.0,645.37,,CUST0030,274,0.11441088326464915,0
"80 Bridge Street, Stratford-upon-Avon, CV37 6AB",CUST0030,2019-07-03,02-01-2019,03-07-2019,118,118,2.47,31.0,1.54,65.0,569.18,,CUST0030,236,0.18278395837928474,0
"14 Church Street, Slough, SL1 1PJ",CUST0031,2018-07-02,01-01-2018,02-07-2018,86,86,2.47,31.0,1.54,65.0,440.86,,CUST0031,172,0.0365445505953198,0
"14 Church Street, Slough, SL1 1PJ",CUST0031,2019-01-01,03-07-2018,01-01-2019,63,65,2.47,31.0,1.54,65.0,351.71,,CUST0031,128,0.050136358964641636,0
"14 Church Street, Slough, SL1 1PJ",CUST0031,2019-07-03,02-01-2019,03-07-2019,61,61,2.47,31.0,1.54,65.0,340.61,,CUST0031,122,-0.03866873835112905,0
"14 Church Street, Slough, SL1 1PJ",CUST0031,2020-01-02,04-07-2019,02-01-2020,98,98,2.47,31.0,1.54,65.0,488.98,,CUST0031,196,-0.024862364601523912,0
"14 Church Street, Slough, SL1 1PJ",CUST0031,2020-07-03,03-01-2020,03-07-2020,120,120,2.47,31.0,1.54,65.0,577.2,,CUST0031,240,-0.04015653364047478,0
"14 Church Street, Slough, SL1 1PJ",CUST0031,2021-01-02,04-07-2020,02-01-2021,83,83,2.47,31.0,1.54,65.0,428.83,,CUST0031,166,0.034155558931776686,0
"14 Church Street, Slough, SL1 1PJ",CUST0031,2021-07-04,03-01-2021,04-07-2021,65,65,2.47,31.0,1.54,65.0,356.65,,CUST0031,130,0.038841215001691076,0
"14 Church Street, Slough, SL1 1PJ",CUST0031,2022-01-03,05-07-2021,03-01-2022,129,129,2.47,31.0,1.54,65.0,613.29,,CUST0031,258,-0.09409949772212267,0
"20 South Street, Worthing, BN11 3AA",CUST0032,2018-07-02,01-01-2018,02-07-2018,64,64,2.47,31.0,1.54,65.0,352.64,,CUST0032,128,-0.06316889309988383,0
"20 South Street, Worthing, BN11 3AA",CUST0032,2019-01-01,03-07-2018,01-01-2019,139,139,2.47,31.0,1.54,65.0,653.39,,CUST0032,278,-0.10130427686564758,0
"20 South Street, Worthing, BN11 3AA",CUST0032,2019-07-03,02-01-2019,03-07-2019,106,106,2.47,31.0,1.54,65.0,521.06,,CUST0032,212,0.10379991138142425,0
"20 South Street, Worthing, BN11 3AA",CUST0032,2020-01-02,04-07-2019,02-01-2020,95,95,2.47,31.0,1.54,65.0,476.95,,CUST0032,190,0.0717063807452038,0
"20 South Street, Worthing, BN11 3AA",CUST0032,2020-07-03,03-01-2020,03-07-2020,112,112,2.47,31.0,1.54,65.0,545.12,,CUST0032,224,0.07949930375104414,0
"20 South Street, Worthing, BN11 3AA",CUST0032,2021-01-02,04-07-2020,02-01-2021,76,76,2.47,31.0,1.54,65.0,400.76,,CUST0032,152,0.03553542127342868,0
"92 Cowley Road, Oxford, OX4 1JB",CUST0033,2018-07-02,01-01-2018,02-07-2018,112,112,2.47,31.0,1.54,65.0,545.12,,CUST0033,224,0.0716252920023796,0
"92 Cowley Road, Oxford, OX4 1JB",CUST0033,2019-01-01,03-07-2018,01-01-2019,129,133,2.47,31.0,1.54,65.0,619.45,,CUST0033,262,0.039780351240264744,0
"92 Cowley Road, Oxford, OX4 1JB",CUST0033,2019-07-03,02-01-2019,03-07-2019,106,106,2.47,31.0,1.54,65.0,521.06,,CUST0033,212,0.07811723209142596,0
"92 Cowley Road, Oxford, OX4 1JB",CUST0033,2020-01-02,04-07-2019,02-01-2020,63,63,2.47,31.0,1.54,65.0,348.63,,CUST0033,126,-0.1470347526480067,1
"92 Cowley Road, Oxford, OX4 1JB",CUST0033,2020-07-03,03-01-2020,03-07-2020,90,90,2.47,31.0,1.54,65.0,456.9,,CUST0033,180,0.009305682351995137,0
"92 Cowley Road, Oxford, OX4 1JB",CUST0033,2021-01-02,04-07-2020,02-01-2021,130,130,2.47,31.0,1.54,65.0,617.3,,CUST0033,260,0.04679779587228089,0
"52 Cornmarket Street, Oxford, OX1 3HA",CUST0034,2018-07-02,01-01-2018,02-07-2018,62,62,2.47,31.0,1.54,65.0,344.62,,CUST0034,124,0.0663352580833495,0
"52 Cornmarket Street, Oxford, OX1 3HA",CUST0034,2019-01-01,03-07-2018,01-01-2019,91,91,2.47,31.0,1.54,65.0,460.91,,CUST0034,182,0.06763316620270854,0
"52 Cornmarket Street, Oxford, OX1 3HA",CUST0034,2019-07-03,02-01-2019,03-07-2019,127,127,2.47,31.0,1.54,65.0,605.27,,CUST0034,254,-0.12745317466536454,0
"52 Cornmarket Street, Oxford, OX1 3HA",CUST0034,2020-01-02,04-07-2019,02-01-2020,87,87,2.47,31.0,1.54,65.0,444.87,,CUST0034,174,0.0762161526681493,0
"52 Cornmarket Street, Oxford, OX1 3HA",CUST0034,2020-07-03,03-01-2020,03-07-2020,63,63,2.47,31.0,1.54,65.0,348.63,,CUST0034,126,0.10088072939230613,0
"52 Cornmarket Street, Oxford, OX1 3HA",CUST0034,2021-01-02,04-07-2020,02-01-2021,63,63,2.47,31.0,1.54,65.0,110.27,,CUST0034,126,-0.05428720712944435,0
"11 Market Place, Devizes, SN10 1HT",CUST0035,2018-07-02,01-01-2018,02-07-2018,88,88,2.47,31.0,1.54,65.0,448.88,,CUST0035,176,0.13055077732597764,0
"11 Market Place, Devizes, SN10 1HT",CUST0035,2019-01-01,03-07-2018,01-01-2019,87,87,2.47,31.0,1.54,65.0,387.94,,CUST0035,174,0.028775929061268024,0
"11 Market Place, Devizes, SN10 1HT",CUST0035,2019-07-03,02-01-2019,03-07-2019,90,90,2.47,31.0,1.54,65.0,456.9,,CUST0035,180,0.07247808385021837,0
"11 Market Place, Devizes, SN10 1HT",CUST0035,2020-01-02,04-07-2019,02-01-2020,78,81,2.47,31.0,1.54,65.0,413.4,,CUST0035,159,-0.017452889887371925,0
"44 High Street, Crawley, RH10 1BW",CUST0036,2018-07-02,01-01-2018,02-07-2018,97,97,2.47,31.0,1.54,65.0,484.97,,CUST0036,194,0.02315847717544245,0
"44 High Street, Crawley, RH10 1BW",CUST0036,2019-01-01,03-07-2018,01-01-2019,119,119,2.47,31.0,1.54,65.0,573.19,,CUST0036,238,0.18278395837928474,0
"44 High Street, Crawley, RH10 1BW",CUST0036,2019-07-03,02-01-2019,03-07-2019,130,130,2.47,31.0,1.54,65.0,617.3,,CUST0036,260,0.12532160950381194,0
"17 Broad Street, Abingdon, OX14 3LH",CUST0037,2018-07-02,01-01-2018,02-07-2018,138,138,2.47,31.0,1.54,65.0,649.38,,CUST0037,276,0.04771677249779893,0
"17 Broad Street, Abingdon, OX14 3LH",CUST0037,2019-01-01,03-07-2018,01-01-2019,91,91,2.47,31.0,1.54,65.0,460.91,,CUST0037,182,0.024155841493123886,0
"17 Broad Street, Abingdon, OX14 3LH",CUST0037,2019-07-03,02-01-2019,03-07-2019,137,137,2.47,31.0,1.54,65.0,645.37,,CUST0037,274,0.061404475134064274,0
"17 Broad Street, Abingdon, OX14 3LH",CUST0037,2020-01-02,04-07-2019,02-01-2020,103,103,2.47,31.0,1.54,65.0,509.03,,CUST0037,206,0.009305682351995137,0
"17 Broad Street, Abingdon, OX14 3LH",CUST0037,2020-07-03,03-01-2020,03-07-2020,125,125,2.47,31.0,1.54,65.0,597.25,,CUST0037,250,0.0014901736408482469,0
"17 Broad Street, Abingdon, OX14 3LH",CUST0037,2021-01-02,04-07-2020,02-01-2021,79,79,2.47,31.0,1.54,65.0,412.79,,CUST0037,158,-0.07808436511508965,0
"24 Regent Street, Swindon, SN1 1JQ",CUST0038,2018-07-02,01-01-2018,02-07-2018,98,98,2.47,31.0,1.54,65.0,488.98,,CUST0038,196,0.04466939412043158,0
"24 Regent Street, Swindon, SN1 1JQ",CUST0038,2019-01-01,03-07-2018,01-01-2019,79,79,2.47,31.0,1.54,65.0,412.79,,CUST0038,158,0.015805985771735087,0
"24 Regent Street, Swindon, SN1 1JQ",CUST0038,2019-07-03,02-01-2019,03-07-2019,109,109,2.47,31.0,1.54,65.0,533.09,,CUST0038,218,0.044228615865543164,0
"24 Regent Street, Swindon, SN1 1JQ",CUST0038,2020-01-02,04-07-2019,02-01-2020,131,131,2.47,31.0,1.54,65.0,621.31,,CUST0038,262,0.006308532943679335,0
"24 Regent Sreet, Swindon, SN1 1JQ",CUST0038,2020-07-03,03-01-2020,03-07-2020,126,126,2.47,31.0,1.54,65.0,601.26,,CUST0038,252,0.03454763809185146,0
"24 Regent Street, Swindon, SN1 1JQ",CUST0038,2021-01-02,04-07-2020,02-01-2021,68,68,2.47,31.0,1.54,65.0,368.68,,CUST0038,136,-0.06781373003532565,0
"15 The Parade, Trowbridge, BA14 8JY",CUST0039,2018-07-02,01-01-2018,02-07-2018,127,127,2.47,31.0,1.54,65.0,605.27,,CUST0039,254,0.007556024549279061,0
"15 The Parade, Trowbridge, BA14 8JY",CUST0039,2019-01-01,03-07-2018,01-01-2019,127,128,2.47,31.0,1.54,65.0,606.81,,CUST0039,255,-0.0007982749063022432,0
"15 The Parade, Trowbridge, BA14 8JY",CUST0039,2019-07-03,02-01-2019,03-07-2019,104,104,2.47,31.0,1.54,65.0,513.04,,CUST0039,208,-0.02456042235898037,0
"15 The Parade, Trowbridge, BA14 8JY",CUST0039,2020-01-02,04-07-2019,02-01-2020,86,86,2.47,31.0,1.54,65.0,440.86,,CUST0039,172,0.0658183257702667,0
"15 The Parade, Trowbridge, BA14 8JY",CUST0039,2020-07-03,03-01-2020,03-07-2020,93,93,2.47,31.0,1.54,65.0,468.93,,CUST0039,186,0.013955909103069541,0
"15 The Parade, Trowbridge, BA14 8JY",CUST0039,2021-01-02,04-07-2020,02-01-2021,76,76,2.47,31.0,1.54,65.0,400.76,,CUST0039,152,-0.10934881729247592,0
"15 The Parade, Trowbridge, BA14 8JY",CUST0039,2021-07-04,03-01-2021,04-07-2021,85,85,2.47,31.0,1.54,65.0,436.85,,CUST0039,170,0.05918776915301677,0
"15 The Parade, Trowbridge, BA14 8JY",CUST0039,2022-01-03,05-07-2021,03-01-2022,119,119,2.47,31.0,1.54,65.0,573.19,,CUST0039,238,-0.04108270507336065,0
"61 High Street, Marlborough, SN8 1HQ",CUST0040,2018-07-02,01-01-2018,02-07-2018,87,87,2.47,31.0,1.54,65.0,444.87,,CUST0040,174,-0.0786439739231588,0
"61 High Street, Marlborough, SN8 1HQ",CUST0040,2019-01-01,03-07-2018,01-01-2019,122,122,2.47,31.0,1.54,65.0,585.22,,CUST0040,244,0.025165678149442317,0
"61 High Street, Marlborough, SN8 1HQ",CUST0040,2019-07-03,02-01-2019,03-07-2019,101,101,2.47,31.0,1.54,65.0,501.01,,CUST0040,202,0.11582670432997821,0
"61 High Street, Marlborough, SN8 1HQ",CUST0040,2020-01-02,04-07-2019,02-01-2020,110,110,2.47,31.0,1.54,65.0,537.1,,CUST0040,220,0.06488475597428972,0
"61 High Street, Marlborough, SN8 1HQ",CUST0040,2020-07-03,03-01-2020,03-07-2020,140,140,2.47,31.0,1.54,65.0,657.4,,CUST0040,280,-0.09918632243580028,0
"61 High Street, Marlborough, SN8 1HQ",CUST0040,2021-01-02,04-07-2020,02-01-2021,99,99,2.47,31.0,1.54,65.0,492.99,,CUST0040,198,0.11004834735096275,0
"89 Gold Street, Northampton, NN1 1RA",CUST0041,2018-07-02,01-01-2018,02-07-2018,89,89,2.47,31.0,1.54,65.0,452.89,,CUST0041,178,0.04881029165946549,0
"89 Gold Street, Northampton, NN1 1RA",CUST0041,2019-01-01,03-07-2018,01-01-2019,116,116,2.47,31.0,1.54,65.0,561.16,,CUST0041,232,0.10299109170604542,0
"89 Gold Street, Northampton, NN1 1RA",CUST0041,2019-07-03,02-01-2019,03-07-2019,80,80,2.47,31.0,1.54,65.0,416.8,,CUST0041,160,-0.05352506583673,0
"89 Gold Street, Northampton, NN1 1RA",CUST0041,2020-01-02,04-07-2019,02-01-2020,139,139,2.47,31.0,1.54,65.0,653.39,,CUST0041,278,-0.02622026472642236,0
"89 Gold Street, Northampton, NN1 1RA",CUST0041,2020-07-03,03-01-2020,03-07-2020,115,115,2.47,31.0,1.54,65.0,557.15,,CUST0041,230,0.10030436901379913,0
"89 Gold Street, Northampton, NN1 1RA",CUST0041,2021-01-02,04-07-2020,02-01-2021,99,99,2.47,31.0,1.54,65.0,492.99,,CUST0041,198,0.05085330807366689,0
"89 Gold Street, Northampton, NN1 1RA",CUST0041,2021-07-04,03-01-2021,04-07-2021,123,123,2.47,31.0,1.54,65.0,589.23,,CUST0041,246,0.07623997076072131,0
"89 Gold Street, Northampton, NN1 1RA",CUST0041,2022-01-03,05-07-2021,03-01-2022,133,133,2.47,31.0,1.54,65.0,1644.52,,CUST0041,266,-0.175084022828358,1
"14 Silver Street, Bradford-on-Avon, BA15 1JX",CUST0042,2018-07-02,01-01-2018,02-07-2018,122,122,2.47,31.0,1.54,65.0,585.22,,CUST0042,244,0.16404014557293056,0
"14 Silver Street, Bradford-on-Avon, BA15 1JX",CUST0042,2019-01-01,03-07-2018,01-01-2019,118,118,2.47,31.0,1.54,65.0,569.18,,CUST0042,236,0.18278395837928474,0
"14 Silver Street, Bradford-on-Avon, BA15 1JX",CUST0042,2019-07-03,02-01-2019,03-07-2019,79,79,2.47,31.0,1.54,65.0,412.79,,CUST0042,158,-0.03179632012384004,0
"3 George Street, Luton, LU1 2AQ",CUST0043,2018-07-02,01-01-2018,02-07-2018,133,133,2.47,31.0,1.54,65.0,629.33,,CUST0043,266,0.048873548826627033,0
"3 George Street, Luton, LU1 2AQ",CUST0043,2019-01-01,03-07-2018,01-01-2019,117,119,2.47,31.0,1.54,65.0,568.25,,CUST0043,236,0.11707114135942231,0
"3 George Street, Luton, LU1 2AQ",CUST0043,2019-07-03,02-01-2019,03-07-2019,109,109,2.47,31.0,1.54,65.0,533.09,,CUST0043,218,0.021249396509298968,0
"3 George Street, Luton, LU1 2AQ",CUST0043,2020-01-02,04-07-2019,02-01-2020,132,132,2.47,31.0,1.54,65.0,625.32,,CUST0043,264,0.06163735744761023,0
"3 George Street, Luton, LU1 2AQ",CUST0043,2020-07-03,03-01-2020,03-07-2020,61,61,2.47,31.0,1.54,65.0,340.61,,CUST0043,122,-0.21682844290270087,1
"3 George Street, Luton, LU1 2AQ",CUST0043,2021-01-02,04-07-2020,02-01-2021,121,121,2.47,31.0,1.54,65.0,581.21,,CUST0043,242,0.10291972299920998,0
"41 Smith Street, Warwick, CV34 4JA",CUST0044,2018-07-02,01-01-2018,02-07-2018,70,70,2.47,31.0,1.54,65.0,376.7,,CUST0044,140,0.12532160950381194,0
"41 Smith Street, Warwick, CV34 4JA",CUST0044,2019-01-01,03-07-2018,01-01-2019,98,98,2.47,31.0,1.54,65.0,488.98,,CUST0044,196,0.02315847717544245,0
"41 Smith Street, Warwick, CV34 4JA",CUST0044,2019-07-03,02-01-2019,03-07-2019,76,76,2.47,31.0,1.54,65.0,400.76,,CUST0044,152,0.18278395837928474,0
"15 Banbury Road, Oxford, OX2 6NN",CUST0045,2018-07-02,01-01-2018,02-07-2018,105,105,2.47,31.0,1.54,65.0,517.05,,CUST0045,210,-0.005017362219234323,0
"15 Banbury Road, Oxford, OX2 6NN",CUST0045,2019-01-01,03-07-2018,01-01-2019,129,129,2.47,31.0,1.54,65.0,613.29,,CUST0045,258,0.18278395837928474,0
"15 Banbury Road, Oxford, OX2 6NN",CUST0045,2019-07-03,02-01-2019,03-07-2019,135,135,2.47,31.0,1.54,65.0,637.35,,CUST0045,270,0.1462256000297727,0
"55 High Street, Woodstock, OX20 1TG",CUST0046,2018-07-02,01-01-2018,02-07-2018,67,67,2.47,31.0,1.54,65.0,364.67,,CUST0046,134,0.06748535710046588,0
"55 High Street, Woodstock, OX20 1TG",CUST0046,2019-01-01,03-07-2018,01-01-2019,66,66,2.47,31.0,1.54,65.0,360.66,,CUST0046,132,0.04334577886972285,0
"55 High Street, Woodstock, OX20 1TG",CUST0046,2019-07-03,02-01-2019,03-07-2019,88,88,2.47,31.0,1.54,65.0,448.88,,CUST0046,176,0.02318899233209676,0
"55 High Street, Woodstock, OX20 1TG",CUST0046,2020-01-02,04-07-2019,02-01-2020,134,134,2.47,31.0,1.54,65.0,633.34,,CUST0046,268,-0.09156291251321702,0
"55 High Street, Woodstock, OX20 1TG",CUST0046,2020-07-03,03-01-2020,03-07-2020,116,116,2.47,31.0,1.54,65.0,561.16,,CUST0046,232,-0.019133698043298675,0
"55 High Street, Woodstock, OX20 1TG",CUST0046,2021-01-02,04-07-2020,02-01-2021,77,77,2.47,31.0,1.54,65.0,404.77,,CUST0046,154,0.05512816508689422,0
"100 Broad Street, Abingdon, OX14 3LH",CUST0047,2018-07-02,01-01-2018,02-07-2018,70,70,2.47,31.0,1.54,65.0,376.7,,CUST0047,140,0.11645873430977394,0
"100 Broad Street, Abingdon, OX14 3LH",CUST0047,2019-01-01,03-07-2018,01-01-2019,76,76,2.47,31.0,1.54,65.0,400.76,,CUST0047,152,0.028775929061268024,0
"100 Broad Street, Abingdon, OX14 3LH",CUST0047,2019-07-03,02-01-2019,03-07-2019,64,64,2.47,31.0,1.54,65.0,352.64,,CUST0047,128,-0.06821692643881572,0
"100 Broad Street, Abingdon, OX14 3LH",CUST0047,2020-01-02,04-07-2019,02-01-2020,73,73,2.47,31.0,1.54,65.0,388.73,,CUST0047,146,0.14145069487452083,0
"64 Regent Street, Swindon, SN1 1JQ",CUST0048,2018-07-02,01-01-2018,02-07-2018,109,111,2.47,31.0,1.54,65.0,536.17,,CUST0048,220,0.0788000162351879,0
"64 Regent Street, Swindon, SN1 1JQ",CUST0048,2019-01-01,03-07-2018,01-01-2019,115,115,2.47,31.0,1.54,65.0,557.15,,CUST0048,230,0.03927017524336768,0
"64 Regent Street, Swindon, SN1 1JQ",CUST0048,2019-07-03,02-01-2019,03-07-2019,72,72,2.47,31.0,1.54,65.0,384.72,,CUST0048,144,-0.02650802455882173,0
"64 Regent Street, Swindon, SN1 1JQ",CUST0048,2020-01-02,04-07-2019,02-01-2020,73,73,2.47,31.0,1.54,65.0,388.73,,CUST0048,146,-0.0058866925033473905,0
"64 Regent Street, Swindon, SN1 1JQ",CUST0048,2020-07-03,03-01-2020,03-07-2020,113,113,2.47,31.0,1.54,65.0,549.13,,CUST0048,226,0.07631928811591054,0
"64 Regent Street, Swindon, SN1 1JQ",CUST0048,2021-01-02,04-07-2020,02-01-2021,109,109,2.47,31.0,1.54,65.0,533.09,,CUST0048,218,0.06949373929599517,0
"64 Regent Street, Swindon, SN1 1JQ",CUST0048,2021-07-04,03-01-2021,04-07-2021,78,78,2.47,31.0,1.54,65.0,408.78,,CUST0048,156,-0.08138415796714016,0
"64 Regent Street, Swindon, SN1 1JQ",CUST0048,2022-01-03,05-07-2021,03-01-2022,137,137,2.47,31.0,1.54,65.0,645.37,,CUST0048,274,-0.1619325056647355,1
"36 London Street, Basingstoke, RG21 7PG",CUST0049,2018-07-02,01-01-2018,02-07-2018,136,136,2.47,31.0,1.54,65.0,641.36,,CUST0049,272,-0.14926775761974143,1
"36 London Street, Basingstoke, RG21 7PG",CUST0049,2019-01-01,03-07-2018,01-01-2019,98,98,2.47,31.0,1.54,65.0,488.98,,CUST0049,196,0.06050040923327149,0
"36 London Street, Basingstoke, RG21 7PG",CUST0049,2019-07-03,02-01-2019,03-07-2019,91,91,2.47,31.0,1.54,65.0,460.91,,CUST0049,182,0.17853961531166218,0
"36 London Street, Basingstoke, RG21 7PG",CUST0049,2020-01-02,04-07-2019,02-01-2020,90,90,2.47,31.0,1.54,65.0,456.9,,CUST0049,180,0.17078736882625167,0
"36 London Street, Basingstoke, RG21 7PG",CUST0049,2020-07-03,03-01-2020,03-07-2020,77,77,2.47,31.0,1.54,65.0,404.77,,CUST0049,154,-0.0561028789178486,0
"68 High Street, Winchester, SO23 9JX",CUST0050,2018-07-02,01-01-2018,02-07-2018,107,107,2.47,31.0,1.54,65.0,525.07,,CUST0050,214,-0.005017362219234323,0
"68 High Street, Winchester, SO23 9JX",CUST0050,2019-01-01,03-07-2018,01-01-2019,132,132,2.47,31.0,1.54,65.0,625.32,,CUST0050,264,0.18278395837928474,0
"68 High Street, Winchester, SO23 9JX",CUST0050,2019-07-03,02-01-2019,03-07-2019,138,140,2.47,31.0,1.54,65.0,652.46,,CUST0050,278,0.1462256000297727,0
"45 High Street, Cirencester, GL7 2NL",CUST0051,2018-07-02,01-01-2018,02-07-2018,123,123,2.47,31.0,1.54,65.0,589.23,,CUST0051,246,0.06163735744761023,0
"45 High Street, Cirencester, GL7 2NL",CUST0051,2019-01-01,03-07-2018,01-01-2019,85,88,2.47,31.0,1.54,65.0,217.53,,CUST0051,173,-0.046125394968597466,0
"45 High Street, Cirencester, GL7 2NL",CUST0051,2019-07-03,02-01-2019,03-07-2019,129,129,2.47,31.0,1.54,65.0,613.29,,CUST0051,258,0.016833542495079012,0
"45 High Street, Cirencester, GL7 2NL",CUST0051,2020-01-02,04-07-2019,02-01-2020,62,62,2.47,31.0,1.54,65.0,344.62,,CUST0051,124,-0.020464858235372363,0
"45 High Street, Cirencester, GL7 2NL",CUST0051,2020-07-03,03-01-2020,03-07-2020,107,107,2.47,31.0,1.54,65.0,525.07,,CUST0051,214,0.03647723507606093,0
"45 High Street, Cirencester, GL7 2NL",CUST0051,2021-01-02,04-07-2020,02-01-2021,78,78,2.47,31.0,1.54,65.0,408.78,,CUST0051,156,0.048154177343020466,0
"52 High Street, Dunstable, LU6 1HY",CUST0052,2018-07-02,01-01-2018,02-07-2018,104,104,2.47,31.0,1.54,65.0,513.04,,CUST0052,208,-0.03085589679271794,0
"52 High Street, Dunstable, LU6 1HY",CUST0052,2019-01-01,03-07-2018,01-01-2019,88,88,2.47,31.0,1.54,65.0,448.88,,CUST0052,176,-0.048215820491158023,0
"52 High Street, Dunstable, LU6 1HY",CUST0052,2019-07-03,02-01-2019,03-07-2019,136,136,2.47,31.0,1.54,65.0,641.36,,CUST0052,272,-0.013505143928437602,0
"52 High Street, Dunstable, LU6 1HY",CUST0052,2020-01-02,04-07-2019,02-01-2020,117,119,2.47,31.0,1.54,65.0,568.25,,CUST0052,236,0.05821326534025456,0
"52 High Street, Dunstable, LU6 1HY",CUST0052,2020-07-03,03-01-2020,03-07-2020,92,92,2.47,31.0,1.54,65.0,464.92,,CUST0052,184,-0.006868577455470204,0
"52 High Street, Dunstable, LU6 1HY",CUST0052,2021-01-02,04-07-2020,02-01-2021,119,119,2.47,31.0,1.54,65.0,573.19,,CUST0052,238,0.058423253128122965,0
"52 High Street, Dunstable, LU6 1HY",CUST0052,2021-07-04,03-01-2021,04-07-2021,138,138,2.47,31.0,1.54,65.0,649.38,,CUST0052,276,-0.027370224160452428,0
"18 Westgate Street, Gloucester, GL1 2NW",CUST0053,2018-07-02,01-01-2018,02-07-2018,79,79,2.47,31.0,1.54,65.0,412.79,,CUST0053,158,-0.18278442985730015,1
"18 Westgate Street, Gloucester, GL1 2NW",CUST0053,2019-01-01,03-07-2018,01-01-2019,138,138,2.47,31.0,1.54,65.0,649.38,,CUST0053,276,0.06844409110431321,0
"18 Westgate Street, Gloucester, GL1 2NW",CUST0053,2019-07-03,02-01-2019,03-07-2019,127,127,2.47,31.0,1.54,65.0,605.27,,CUST0053,254,0.09912017382229577,0
"18 Westgate Street, Gloucester, GL1 2NW",CUST0053,2020-01-02,04-07-2019,02-01-2020,134,134,2.47,31.0,1.54,65.0,669.39,,CUST0053,268,0.05241089833072465,0
"18 Westgate Street, Gloucester, GL1 2NW",CUST0053,2020-07-03,03-01-2020,03-07-2020,130,130,2.47,31.0,1.54,65.0,617.3,,CUST0053,260,0.12095178817980962,0
"18 Westgate Street, Gloucester, GL1 2NW",CUST0053,2021-01-02,04-07-2020,02-01-2021,111,111,2.47,31.0,1.54,65.0,541.11,,CUST0053,222,-0.02096868905408167,0
"37 Gold Street, Northampton, NN1 1RA",CUST0054,2018-07-02,01-01-2018,02-07-2018,97,97,2.47,31.0,1.54,65.0,484.97,,CUST0054,194,0.045650236290079305,0
"37 Gold Street, Northampton, NN1 1RA",CUST0054,2019-01-01,03-07-2018,01-01-2019,108,108,2.47,31.0,1.54,65.0,529.08,,CUST0054,216,0.013766476559170182,0
"37 Gold Street, Northampton, NN1 1RA",CUST0054,2019-07-03,02-01-2019,03-07-2019,118,118,2.47,31.0,1.54,65.0,569.18,,CUST0054,236,0.002287758004650975,0
"37 Gold Street, Northampton, NN1 1RA",CUST0054,2020-01-02,04-07-2019,02-01-2020,79,79,2.47,31.0,1.54,65.0,412.79,,CUST0054,158,-0.04443931022599734,0
"37 Gold Street, Northampton, NN1 1RA",CUST0054,2020-07-03,03-01-2020,03-07-2020,130,130,2.47,31.0,1.54,65.0,617.3,,CUST0054,260,-0.00970784672385605,0
"37 Gold Street, Northampton, NN1 1RA",CUST0054,2021-01-02,04-07-2020,02-01-2021,128,128,2.47,31.0,1.54,65.0,609.28,,CUST0054,256,0.004253478336487537,0
"37 Gold Street, Northampton, NN1 1RA",CUST0054,2021-07-04,03-01-2021,04-07-2021,73,73,2.47,31.0,1.54,65.0,388.73,,CUST0054,146,-0.09937908432978748,0
"37 Gold Street, Northampton, NN1 1RA",CUST0054,2022-01-03,05-07-2021,03-01-2022,98,98,2.47,31.0,1.54,65.0,488.98,,CUST0054,196,0.04660465482673665,0
"43 High Street, Leighton Buzzard, LU7 1EA",CUST0055,2018-07-02,01-01-2018,02-07-2018,121,121,2.47,31.0,1.54,65.0,581.21,,CUST0055,242,0.033983633822398496,0
"43 High Street, Leighton Buzzard, LU7 1EA",CUST0055,2019-01-01,03-07-2018,01-01-2019,81,81,2.47,31.0,1.54,65.0,420.81,,CUST0055,162,0.11661815493928945,0
"43 High Street, Leighton Buzzard, LU7 1EA",CUST0055,2019-07-03,02-01-2019,03-07-2019,93,93,2.47,31.0,1.54,65.0,468.93,,CUST0055,186,0.18278395837928474,0
"15 High Street, Tewkesbury, GL20 5AL",CUST0056,2018-07-02,01-01-2018,02-07-2018,74,74,2.47,31.0,1.54,65.0,392.74,,CUST0056,148,0.03930370404047473,0
"15 High Street, Tewkesbury, GL20 5AL",CUST0056,2019-01-01,03-07-2018,01-01-2019,132,132,2.47,31.0,1.54,65.0,625.32,,CUST0056,264,0.11219090350717076,0
"15 High Street, Tewkesbury, GL20 5AL",CUST0056,2019-07-03,02-01-2019,03-07-2019,110,110,2.47,31.0,1.54,65.0,537.1,,CUST0056,220,0.18278395837928474,0
"19 Castle Street, Wallingford, OX10 8DL",CUST0057,2018-07-02,01-01-2018,02-07-2018,128,128,2.47,31.0,1.54,65.0,609.28,,CUST0057,256,-0.14247030594571697,0
"19 Castle Street, Wallingford, OX10 8DL",CUST0057,2019-01-01,03-07-2018,01-01-2019,68,68,2.47,31.0,1.54,65.0,368.68,,CUST0057,136,0.08610149201421319,0
"19 Castel Street, Wallingford, OX10 8DL",CUST0057,2019-07-03,02-01-2019,03-07-2019,68,68,2.47,31.0,1.54,65.0,368.68,,CUST0057,136,0.08610149201421319,0
"19 Castle Street, Wallingford, OX10 8DL",CUST0057,2020-01-02,04-07-2019,02-01-2020,78,78,2.47,31.0,1.54,65.0,408.78,,CUST0057,156,-0.05068839687789861,0
"19 Castle Street, Wallingford, OX10 8DL",CUST0057,2020-07-03,03-01-2020,03-07-2020,67,67,2.47,31.0,1.54,65.0,364.67,,CUST0057,134,-0.010193492579969488,0
"19 Castle Street, Wallingford, OX10 8DL",CUST0057,2021-01-02,04-07-2020,02-01-2021,109,109,2.47,31.0,1.54,65.0,533.09,,CUST0057,218,0.019808575434113407,0
"19 Castle Street, Wallingford, OX10 8DL",CUST0057,2021-07-04,03-01-2021,04-07-2021,106,106,2.47,31.0,1.54,65.0,521.06,,CUST0057,212,0.017601931766162537,0
"9 Market Place, Corby, NN17 1NJ",CUST0058,2018-07-02,01-01-2018,02-07-2018,114,114,2.47,31.0,1.54,65.0,553.14,,CUST0058,228,0.14145069487452083,0
"9 Market Place, Corby, NN17 1NJ",CUST0058,2019-01-01,03-07-2018,01-01-2019,62,62,2.47,31.0,1.54,65.0,344.62,,CUST0058,124,-0.07248700717666579,0
"9 Market Place, Corby, NN17 1NJ",CUST0058,2019-07-03,02-01-2019,03-07-2019,131,131,2.47,31.0,1.54,65.0,621.31,,CUST0058,262,0.03229070721920424,0
"9 Market Place, Corby, NN17 1NJ",CUST0058,2020-01-02,04-07-2019,02-01-2020,97,97,2.47,31.0,1.54,65.0,484.97,,CUST0058,194,0.11357646858590903,0
"6 Peascod Street, Windsor, SL4 1DX",CUST0059,2018-07-02,01-01-2018,02-07-2018,86,91,2.47,31.0,1.54,65.0,448.56,,CUST0059,177,0.1832917937764687,0
"6 Peascod Street, Windsor, SL4 1DX",CUST0059,2019-01-01,03-07-2018,01-01-2019,60,60,2.47,31.0,1.54,65.0,336.6,,CUST0059,120,-0.11354283811691002,0
"6 Peascod Street, Windsor, SL4 1DX",CUST0059,2019-07-03,02-01-2019,03-07-2019,130,130,2.47,31.0,1.54,65.0,617.3,,CUST0059,260,-0.13021327839054486,0
"6 Peascod Street, Windsor, SL4 1DX",CUST0059,2020-01-02,04-07-2019,02-01-2020,87,87,2.47,31.0,1.54,65.0,444.87,,CUST0059,174,0.16083363497489672,0
"6 Peascod Street, Windsor, SL4 1DX",CUST0059,2020-07-03,03-01-2020,03-07-2020,92,92,2.47,31.0,1.54,65.0,464.92,,CUST0059,184,0.1051902753561893,0
"9 Wood Street, Chippenham, SN15 3EY",CUST0060,2018-07-02,01-01-2018,02-07-2018,65,65,2.47,31.0,1.54,65.0,356.65,,CUST0060,130,-0.11508769651729411,0
"9 Wood Street, Chippenham, SN15 3EY",CUST0060,2019-01-01,03-07-2018,01-01-2019,127,130,2.47,31.0,1.54,65.0,609.89,,CUST0060,257,0.08590329288725179,0
"9 Wood Street, Chippenham, SN15 3EY",CUST0060,2019-07-03,02-01-2019,03-07-2019,114,114,2.47,31.0,1.54,65.0,553.14,,CUST0060,228,0.021849907789964595,0
"9 Wood Street, Chippenham, SN15 3EY",CUST0060,2020-01-02,04-07-2019,02-01-2020,126,126,2.47,31.0,1.54,65.0,601.26,,CUST0060,252,0.09384913058322486,0
"9 Wood Street, Chippenham, SN15 3EY",CUST0060,2020-07-03,03-01-2020,03-07-2020,138,138,2.47,31.0,1.54,65.0,649.38,,CUST0060,276,-0.043674185761357065,0
"9 Wood Street, Chippenham, SN15 3EY",CUST0060,2021-01-02,04-07-2020,02-01-2021,73,73,2.47,31.0,1.54,65.0,388.73,,CUST0060,146,-0.08082799431766552,0
"9 Wood Street, Chippenham, SN15 3EY",CUST0060,2021-07-04,03-01-2021,04-07-2021,120,120,2.47,31.0,1.54,65.0,577.2,,CUST0060,240,0.07840374953770107,0
"38 High Street, Marlborough, SN8 1HQ",CUST0061,2018-07-02,01-01-2018,02-07-2018,94,99,2.47,31.0,1.54,65.0,480.64,,CUST0061,193,0.03598460675017234,0
"38 High Street, Marlborough, SN8 1HQ",CUST0061,2019-01-01,03-07-2018,01-01-2019,75,75,2.47,31.0,1.54,65.0,396.75,,CUST0061,150,0.09520764308463103,0
"38 High Street, Marlborough, SN8 1HQ",CUST0061,2019-07-03,02-01-2019,03-07-2019,80,80,2.47,31.0,1.54,65.0,416.8,,CUST0061,160,0.1022258821774219,0
"38 High Street, Marlborough, SN8 1HQ",CUST0061,2020-01-02,04-07-2019,02-01-2020,138,138,2.47,31.0,1.54,65.0,649.38,,CUST0061,276,-0.16722743311888588,1
"38 High Street, Marlborough, SN8 1HQ",CUST0061,2020-07-03,03-01-2020,03-07-2020,67,67,2.47,31.0,1.54,65.0,364.67,,CUST0061,134,-0.016707054505412766,0
"38 High Street, Marlborough, SN8 1HQ",CUST0061,2021-01-02,04-07-2020,02-01-2021,90,90,2.47,31.0,1.54,65.0,456.9,,CUST0061,180,0.08893978311783263,0
"13 Market Street, Wellingborough, NN8 1AP",CUST0062,2018-07-02,01-01-2018,02-07-2018,80,80,2.47,31.0,1.54,65.0,416.8,,CUST0062,160,0.18278395837928474,0
"13 Market Street, Wellingborough, NN8 1AP",CUST0062,2019-01-01,03-07-2018,01-01-2019,98,98,2.47,31.0,1.54,65.0,488.98,,CUST0062,196,0.0797350883578336,0
"13 Market Street, Wellingborough, NN8 1AP",CUST0062,2019-07-03,02-01-2019,03-07-2019,65,65,2.47,31.0,1.54,65.0,356.65,,CUST0062,130,0.07488191532445121,0
"17 Market Square, Aylesbury, HP20 1TN",CUST0063,2018-07-02,01-01-2018,02-07-2018,93,93,2.47,31.0,1.54,65.0,468.93,,CUST0063,186,0.05201599213738811,0
"17 Market Square, Aylesbury, HP20 1TN",CUST0063,2019-01-01,03-07-2018,01-01-2019,85,85,2.47,31.0,1.54,65.0,436.85,,CUST0063,170,0.11881518477719905,0
"17 Market Square, Aylesbury, HP20 1TN",CUST0063,2019-07-03,02-01-2019,03-07-2019,115,115,2.47,31.0,1.54,65.0,557.15,,CUST0063,230,-0.06489460084935728,0
"17 Market Square, Aylesbury, HP20 1TN",CUST0063,2020-01-02,04-07-2019,02-01-2020,87,91,2.47,31.0,1.54,65.0,451.03,,CUST0063,178,0.10614662455893448,0
"17 Market Square, Aylesbury, HP20 1TN",CUST0063,2020-07-03,03-01-2020,03-07-2020,86,86,2.47,31.0,1.54,65.0,440.86,,CUST0063,172,0.12208431870238218,0
"17 Market Square, Aylesbury, HP20 1TN",CUST0063,2021-01-02,04-07-2020,02-01-2021,66,66,2.47,31.0,1.54,65.0,360.66,,CUST0063,132,-0.13892542203383318,0
"17 Market Square, Aylesbury, HP20 1TN",CUST0063,2021-07-04,03-01-2021,04-07-2021,133,133,2.47,31.0,1.54,65.0,629.33,,CUST0063,266,-0.14272947456736718,0
"17 Market Square, Aylesbury, HP20 1TN",CUST0063,2022-01-03,05-07-2021,03-01-2022,83,83,2.47,31.0,1.54,65.0,428.83,,CUST0063,166,0.09657223875222737,0
"37 Market Square, Northampton, NN1 2DL",CUST0064,2018-07-02,01-01-2018,02-07-2018,134,134,2.47,31.0,1.54,65.0,633.34,,CUST0064,268,-0.014389079801356508,0
"37 Market Square, Northampton, NN1 2DL",CUST0064,2019-01-01,03-07-2018,01-01-2019,74,74,2.47,31.0,1.54,65.0,392.74,,CUST0064,148,0.03406892519289889,0
"37 Market Square, Northampton, NN1 2DL",CUST0064,2019-07-03,02-01-2019,03-07-2019,66,66,2.47,31.0,1.54,65.0,360.66,,CUST0064,132,-0.08067794558706354,0
"37 Market Square, Northampton, NN1 2DL",CUST0064,2020-01-02,04-07-2019,02-01-2020,118,118,2.47,31.0,1.54,65.0,569.18,,CUST0064,236,0.03623369596807491,0
"37 Market Square, Northampton, NN1 2DL",CUST0064,2020-07-03,03-01-2020,03-07-2020,78,78,2.47,31.0,1.54,65.0,408.78,,CUST0064,156,0.0378274436533928,0
"37 Market Square, Northampton, NN1 2DL",CUST0064,2021-01-02,04-07-2020,02-01-2021,91,91,2.47,31.0,1.54,65.0,460.91,,CUST0064,182,-0.03323506506988483,0
"37 Market Square, Northampton, NN1 2DL",CUST0064,2021-07-04,03-01-2021,04-07-2021,119,119,2.47,31.0,1.54,65.0,573.19,,CUST0064,238,0.040318747368543795,0
"37 Market Square, Northampton, NN1 2DL",CUST0064,2022-01-03,05-07-2021,03-01-2022,134,134,2.47,31.0,1.54,65.0,689.15,,CUST0064,268,-0.06773608602735415,0
"7 High Street, Tewkesbury, GL20 5AL",CUST0065,2018-07-02,01-01-2018,02-07-2018,85,85,2.47,31.0,1.54,65.0,436.85,,CUST0065,170,0.0006151758140527375,0
"7 High Street, Tewkesbury, GL20 5AL",CUST0065,2019-01-01,03-07-2018,01-01-2019,67,67,2.47,31.0,1.54,65.0,364.67,,CUST0065,134,0.05455999416535379,0
"7 High Street, Tewkesbury, GL20 5AL",CUST0065,2019-07-03,02-01-2019,03-07-2019,119,119,2.47,31.0,1.54,65.0,573.19,,CUST0065,238,0.018747297215591263,0
"7 High Street, Tewkesbury, GL20 5AL",CUST0065,2020-01-02,04-07-2019,02-01-2020,109,109,2.47,31.0,1.54,65.0,533.09,,CUST0065,218,0.013662083157584992,0
"7 High Street, Tewkesbury, GL20 5AL",CUST0065,2020-07-03,03-01-2020,03-07-2020,136,136,2.47,31.0,1.54,65.0,641.36,,CUST0065,272,-0.0948116868580341,0
"7 High Street, Tewkesbury, GL20 5AL",CUST0065,2021-01-02,04-07-2020,02-01-2021,61,61,2.47,31.0,1.54,65.0,340.61,,CUST0065,122,-0.021864597666525376,0
"7 High Street, Tewkesbury, GL20 5AL",CUST0065,2021-07-04,03-01-2021,04-07-2021,72,72,2.47,31.0,1.54,65.0,384.72,,CUST0065,144,0.05396201220984781,0
"7 Queen Street, Bicester, OX26 2NY",CUST0066,2018-07-02,01-01-2018,02-07-2018,120,120,2.47,31.0,1.54,65.0,577.2,,CUST0066,240,0.07883192187719978,0
"7 Queen Street, Bicester, OX26 2NY",CUST0066,2019-01-01,03-07-2018,01-01-2019,62,62,2.47,31.0,1.54,65.0,344.62,,CUST0066,124,-0.039204975148450893,0
"85 Broad Street, Abingdon, OX14 3LH",CUST0066,2019-07-03,02-01-2019,03-07-2019,83,83,2.47,31.0,1.54,65.0,428.83,,CUST0066,166,0.04438725850267672,0
"7 Queen Street, Bicester, OX26 2NY",CUST0066,2020-01-02,04-07-2019,02-01-2020,115,115,2.47,31.0,1.54,65.0,557.15,,CUST0066,230,0.09733244373557715,0
"6 Fore Street, Warminster, BA12 9AJ",CUST0067,2018-07-02,01-01-2018,02-07-2018,78,78,2.47,31.0,1.54,65.0,408.78,,CUST0067,156,0.05719767557281624,0
"6 Fore Street, Warminster, BA12 9AJ",CUST0067,2019-01-01,03-07-2018,01-01-2019,102,102,2.47,31.0,1.54,65.0,505.02,,CUST0067,204,0.012151821180227285,0
"6 Fore Street, Warminster, BA12 9AJ",CUST0067,2019-07-03,02-01-2019,03-07-2019,110,110,2.47,31.0,1.54,65.0,537.1,,CUST0067,220,-0.1248520108729253,0
"6 Fore Street, Warminster, BA12 9AJ",CUST0067,2020-01-02,04-07-2019,02-01-2020,70,70,2.47,31.0,1.54,65.0,376.7,,CUST0067,140,-0.13411776153759003,0
"6 Fore Street, Warminster, BA12 9AJ",CUST0067,2020-07-03,03-01-2020,03-07-2020,79,79,2.47,31.0,1.54,65.0,412.79,,CUST0067,158,0.06848689763663351,0
"6 Fore Street, Warminster, BA12 9AJ",CUST0067,2021-01-02,04-07-2020,02-01-2021,83,83,2.47,31.0,1.54,65.0,428.83,,CUST0067,166,0.06308255285793846,0
"6 Fore Street, Warminster, BA12 9AJ",CUST0067,2021-07-04,03-01-2021,04-07-2021,83,83,2.47,31.0,1.54,65.0,428.83,,CUST0067,166,0.06308255285793846,0
"6 Fore Street, Warminster, BA12 9AJ",CUST0067,2022-01-03,05-07-2021,03-01-2022,101,101,2.47,31.0,1.54,65.0,501.01,,CUST0067,202,0.004917660917479805,0
"56 Market Sreet, Wellingborough, NN8 1AP",CUST0068,2018-07-02,01-01-2018,02-07-2018,76,76,2.47,31.0,1.54,65.0,400.76,,CUST0068,152,0.05221599454193793,0
"56 Market Street, Wellingborough, NN8 1AP",CUST0068,2019-01-01,03-07-2018,01-01-2019,75,75,2.47,31.0,1.54,65.0,396.75,,CUST0068,150,0.027211265214541147,0
"56 Market Street, Wellingborough, NN8 1AP",CUST0068,2019-07-03,02-01-2019,03-07-2019,97,97,2.47,31.0,1.54,65.0,484.97,,CUST0068,194,0.06796846339344775,0
"56 Marekt Street, Wellingborough, NN8 1AP",CUST0068,2020-01-02,04-07-2019,02-01-2020,115,115,2.47,31.0,1.54,65.0,557.15,,CUST0068,230,-0.02913698028633871,0
"56 Market Street, Wellingborough, NN8 1AP",CUST0068,2020-07-03,03-01-2020,03-07-2020,81,81,2.47,31.0,1.54,65.0,420.81,,CUST0068,162,0.004735387058461715,0
"56 Market Street, Wellingborough, NN8 1AP",CUST0068,2021-01-02,04-07-2020,02-01-2021,99,99,2.47,31.0,1.54,65.0,492.99,,CUST0068,198,0.06228285998174199,0
"56 Market Street, Wellingborough, NN8 1AP",CUST0068,2021-07-04,03-01-2021,04-07-2021,139,139,2.47,31.0,1.54,65.0,653.39,,CUST0068,278,-0.13806705281205145,0
"28 Frogmoor, High Wycombe, HP13 5DG",CUST0069,2018-07-02,01-01-2018,02-07-2018,90,90,2.47,31.0,1.54,65.0,456.9,,CUST0069,180,0.1421402521211697,0
"28 Frogmoor, High Wycombe, HP13 5DG",CUST0069,2019-01-01,03-07-2018,01-01-2019,86,86,2.47,31.0,1.54,65.0,440.86,,CUST0069,172,0.18278395837928474,0
"28 Frogmoor, High Wycombe, HP13 5DG",CUST0069,2019-07-03,02-01-2019,03-07-2019,73,73,2.47,31.0,1.54,65.0,388.73,,CUST0069,146,0.0007479456612405344,0
"80 Market Place, Rugby, CV21 3DU",CUST0070,2018-07-02,01-01-2018,02-07-2018,109,109,2.47,31.0,1.54,65.0,533.09,,CUST0070,218,0.15072399802254388,0
"80 Market Place, Rugby, CV21 3DU",CUST0070,2019-01-01,03-07-2018,01-01-2019,72,72,2.47,31.0,1.54,65.0,384.72,,CUST0070,144,-0.09878986725351258,0
"80 Market Place, Rugby, CV21 3DU",CUST0070,2019-07-03,02-01-2019,03-07-2019,115,115,2.47,31.0,1.54,65.0,557.15,,CUST0070,230,0.16229527179467074,0
"80 Market Place, Rugby, CV21 3DU",CUST0070,2020-01-02,04-07-2019,02-01-2020,134,134,2.47,31.0,1.54,65.0,633.34,,CUST0070,268,-0.00406980018631431,0
"27 The Parade, Trowbridge, BA14 8JY",CUST0071,2018-07-02,01-01-2018,02-07-2018,69,69,2.47,31.0,1.54,65.0,338.52,,CUST0071,138,-0.035183139282709,0
"27 The Parade, Trowbridge, BA14 8JY",CUST0071,2019-01-01,03-07-2018,01-01-2019,115,115,2.47,31.0,1.54,65.0,611.64,,CUST0071,230,-0.07678917704924493,0
"27 The Parade, Trowbridge, BA14 8JY",CUST0071,2019-07-03,02-01-2019,03-07-2019,84,84,2.47,31.0,1.54,65.0,432.84,,CUST0071,168,0.16481415246255193,0
"27 The Parade, Trowbridge, BA14 8JY",CUST0071,2020-01-02,04-07-2019,02-01-2020,87,87,2.47,31.0,1.54,65.0,444.87,,CUST0071,174,0.1597574620465027,0
"5 Buckingham Street, Aylesbury, HP20 2NJ",CUST0072,2018-07-02,01-01-2018,02-07-2018,109,109,2.47,31.0,1.54,65.0,533.09,,CUST0072,218,0.12959896002475013,0
"5 Buckingham Street, Aylesbury, HP20 2NJ",CUST0072,2019-01-01,03-07-2018,01-01-2019,79,79,2.47,31.0,1.54,65.0,412.79,,CUST0072,158,0.1274664236662139,0
"5 Buckingham Street, Aylesbury, HP20 2NJ",CUST0072,2019-07-03,02-01-2019,03-07-2019,60,60,2.47,31.0,1.54,65.0,658.9,,CUST0072,120,0.08927585459563336,0
"48 Commercial Road, Swindon, SN1 5NX",CUST0073,2018-07-02,01-01-2018,02-07-2018,103,105,2.47,31.0,1.54,65.0,512.11,,CUST0073,208,0.03751378040004877,0
"48 Commercial Road, Swindon, SN1 5NX",CUST0073,2019-01-01,03-07-2018,01-01-2019,123,126,2.47,31.0,1.54,65.0,593.85,,CUST0073,249,0.07566689525776982,0
"48 Commercial Road, Swindon, SN1 5NX",CUST0073,2019-07-03,02-01-2019,03-07-2019,137,137,2.47,31.0,1.54,65.0,645.37,,CUST0073,274,-0.019393548363203617,0
"48 Commercial Road, Swindon, SN1 5NX",CUST0073,2020-01-02,04-07-2019,02-01-2020,109,109,2.47,31.0,1.54,65.0,533.09,,CUST0073,218,0.1018291731065426,0
"92 Church Street, Slough, SL1 1PJ",CUST0074,2018-07-02,01-01-2018,02-07-2018,99,99,2.47,31.0,1.54,65.0,492.99,,CUST0074,198,0.11333715655730281,0
"92 Church Street, Slough, SL1 1PJ",CUST0074,2019-01-01,03-07-2018,01-01-2019,87,87,2.47,31.0,1.54,65.0,444.87,,CUST0074,174,-0.06613097289618741,0
"92 Church Street, Slough, SL1 1PJ",CUST0074,2019-07-03,02-01-2019,03-07-2019,110,110,2.47,31.0,1.54,65.0,537.1,,CUST0074,220,0.08095523877353905,0
"92 Church Street, Slough, SL1 1PJ",CUST0074,2020-01-02,04-07-2019,02-01-2020,103,103,2.47,31.0,1.54,65.0,509.03,,CUST0074,206,0.13461266083825996,0
"92 Church Sreet, Slough, SL1 1PJ",CUST0074,2020-07-03,03-01-2020,03-07-2020,124,124,2.47,31.0,1.54,65.0,593.24,,CUST0074,248,-0.07633990152338488,0
"10 Bridge Street, Stratford-upon-Avon, CV37 6AB",CUST0075,2018-07-02,01-01-2018,02-07-2018,136,136,2.47,31.0,1.54,65.0,641.36,,CUST0075,272,0.1621058999114655,0
"10 Bridge Street, Stratford-upon-Avon, CV37 6AB",CUST0075,2019-01-01,03-07-2018,01-01-2019,63,63,2.47,31.0,1.54,65.0,348.63,,CUST0075,126,-0.02875209791127975,0
"10 Bridge Street, Stratford-upon-Avon, CV37 6AB",CUST0075,2019-07-03,02-01-2019,03-07-2019,129,129,2.47,31.0,1.54,65.0,613.29,,CUST0075,258,0.18278395837928474,0
"34 The Mall, Luton, LU1 2TW",CUST0076,2018-07-02,01-01-2018,02-07-2018,66,66,2.47,31.0,1.54,65.0,360.66,,CUST0076,132,-0.024850414252040376,0
"34 The Mall, Luton, LU1 2TW",CUST0076,2019-01-01,03-07-2018,01-01-2019,117,117,2.47,31.0,1.54,65.0,565.17,,CUST0076,234,0.07780340508117178,0
"34 The Mall, Luton, LU1 2TW",CUST0076,2019-07-03,02-01-2019,03-07-2019,110,110,2.47,31.0,1.54,65.0,537.1,,CUST0076,220,0.029326293561379946,0
"34 The Mall, Luton, LU1 2TW",CUST0076,2020-01-02,04-07-2019,02-01-2020,136,138,2.47,31.0,1.54,65.0,644.44,,CUST0076,274,-0.07867208545455784,0
"34 The Mall, Luton, LU1 2TW",CUST0076,2020-07-03,03-01-2020,03-07-2020,122,122,2.47,31.0,1.54,65.0,585.22,,CUST0076,244,0.05879825442702874,0
"34 The Mall, Luton, LU1 2TW",CUST0076,2021-01-02,04-07-2020,02-01-2021,80,80,2.47,31.0,1.54,65.0,416.8,,CUST0076,160,-0.043941097188975986,0
"34 The Mall, Luton, LU1 2TW",CUST0076,2021-07-04,03-01-2021,04-07-2021,69,69,2.47,31.0,1.54,65.0,372.69,,CUST0076,138,0.006884778412991122,0
"56 Cowley Road, Oxford, OX4 1JB",CUST0077,2018-07-02,01-01-2018,02-07-2018,80,80,2.47,31.0,1.54,65.0,416.8,,CUST0077,160,0.0992661905542177,0
"56 Cowley Road, Oxford, OX4 1JB",CUST0077,2019-01-01,03-07-2018,01-01-2019,122,122,2.47,31.0,1.54,65.0,585.22,,CUST0077,244,-0.011603538277849657,0
"56 Cowley Road, Oxford, OX4 1JB",CUST0077,2019-07-03,02-01-2019,03-07-2019,126,126,2.47,31.0,1.54,65.0,601.26,,CUST0077,252,-0.022382886019952086,0
"56 Cowley Road, Oxford, OX4 1JB",CUST0077,2020-01-02,04-07-2019,02-01-2020,80,80,2.47,31.0,1.54,65.0,416.8,,CUST0077,160,0.0992661905542177,0
"56 Cowley Road, Oxford, OX4 1JB",CUST0077,2020-07-03,03-01-2020,03-07-2020,69,69,2.47,31.0,1.54,65.0,372.69,,CUST0077,138,-0.08151319559425818,0
"39 High Street, Windsor, SL4 1LN",CUST0078,2018-07-02,01-01-2018,02-07-2018,122,126,2.47,31.0,1.54,65.0,591.38,,CUST0078,248,0.15720058096832362,0
"39 High Street, Windsor, SL4 1LN",CUST0078,2019-01-01,03-07-2018,01-01-2019,125,125,2.47,31.0,1.54,65.0,597.25,,CUST0078,250,0.17102946336721547,0
"39 High Street, Windsor, SL4 1LN",CUST0078,2019-07-03,02-01-2019,03-07-2019,130,133,2.47,31.0,1.54,65.0,621.92,,CUST0078,263,0.01807232036104528,0
"39 High Street, Windsor, SL4 1LN",CUST0078,2020-01-02,04-07-2019,02-01-2020,95,95,2.47,31.0,1.54,65.0,476.95,,CUST0078,190,-0.14052731461443446,0
"21 George Street, Luton, LU1 2AQ",CUST0079,2018-07-02,01-01-2018,02-07-2018,116,116,2.47,31.0,1.54,65.0,561.16,,CUST0079,232,0.18278395837928474,0
"21 George Street, Luton, LU1 2AQ",CUST0079,2019-01-01,03-07-2018,01-01-2019,135,135,2.47,31.0,1.54,65.0,637.35,,CUST0079,270,0.0625023728718706,0
"21 George Street, Luton, LU1 2AQ",CUST0079,2019-07-03,02-01-2019,03-07-2019,104,104,2.47,31.0,1.54,65.0,513.04,,CUST0079,208,0.09162700957614112,0
"38 Regent Street, Swindon, SN1 1JQ",CUST0080,2018-07-02,01-01-2018,02-07-2018,82,82,2.47,31.0,1.54,65.0,424.82,,CUST0080,164,0.05617095187374016,0
"38 Regent Street, Swindon, SN1 1JQ",CUST0080,2019-01-01,03-07-2018,01-01-2019,64,64,2.47,31.0,1.54,65.0,352.64,,CUST0080,128,0.11067254298748525,0
"38 Regent Street, Swindon, SN1 1JQ",CUST0080,2019-07-03,02-01-2019,03-07-2019,60,60,2.47,31.0,1.54,65.0,336.6,,CUST0080,120,0.07725237054695866,0
"38 Regent Street, Swindon, SN1 1JQ",CUST0080,2020-01-02,04-07-2019,02-01-2020,117,117,2.47,31.0,1.54,65.0,493.49,,CUST0080,234,-0.05559683447397823,0
"26 High Street, Kettering, NN16 8SP",CUST0081,2018-07-02,01-01-2018,02-07-2018,78,78,2.47,31.0,1.54,65.0,408.78,,CUST0081,156,0.06976234014338994,0
"26 High Street, Kettering, NN16 8SP",CUST0081,2019-01-01,03-07-2018,01-01-2019,67,67,2.47,31.0,1.54,65.0,364.67,,CUST0081,134,0.07504929625362866,0
"26 High Street, Kettering, NN16 8SP",CUST0081,2019-07-03,02-01-2019,03-07-2019,70,70,2.47,31.0,1.54,65.0,376.7,,CUST0081,140,0.08130349662148961,0
"26 High Street, Kettering, NN16 8SP",CUST0081,2020-01-02,04-07-2019,02-01-2020,93,93,2.47,31.0,1.54,65.0,468.93,,CUST0081,186,-0.07750296028618264,0
"26 High Street, Kettering, NN16 8SP",CUST0081,2020-07-03,03-01-2020,03-07-2020,113,113,2.47,31.0,1.54,65.0,549.13,,CUST0081,226,-0.18488097233552236,1
"26 High Street, Kettering, NN16 8SP",CUST0081,2021-01-02,04-07-2020,02-01-2021,62,62,2.47,31.0,1.54,65.0,344.62,,CUST0081,124,-0.058233021507031246,0
"26 High Street, Kettering, NN16 8SP",CUST0081,2021-07-04,03-01-2021,04-07-2021,68,68,2.47,31.0,1.54,65.0,368.68,,CUST0081,136,0.09289895688347799,0
"26 High Street, Kettering, NN16 8SP",CUST0081,2022-01-03,05-07-2021,03-01-2022,78,78,2.47,31.0,1.54,65.0,408.78,,CUST0081,156,0.06976234014338994,0
"97 The Parade, Trowbridge, BA14 8JY",CUST0082,2018-07-02,01-01-2018,02-07-2018,115,115,2.47,31.0,1.54,65.0,557.15,,CUST0082,230,0.11614486420087627,0
"97 The Parade, Trowbridge, BA14 8JY",CUST0082,2019-01-01,03-07-2018,01-01-2019,88,91,2.47,31.0,1.54,65.0,453.5,,CUST0082,179,-0.02993711854709402,0
"97 The Parade, Trowbridge, BA14 8JY",CUST0082,2019-07-03,02-01-2019,03-07-2019,74,74,2.47,31.0,1.54,65.0,392.74,,CUST0082,148,-0.1483886142481362,1
"97 The Parade, Trowbridge, BA14 8JY",CUST0082,2020-01-02,04-07-2019,02-01-2020,122,122,2.47,31.0,1.54,65.0,585.22,,CUST0082,244,-0.04889800928567889,0
"97 The Parade, Trowbridge, BA14 8JY",CUST0082,2020-07-03,03-01-2020,03-07-2020,116,116,2.47,31.0,1.54,65.0,561.16,,CUST0082,232,0.08176847354540273,0
"97 The Parade, Trowbridge, BA14 8JY",CUST0082,2021-01-02,04-07-2020,02-01-2021,115,115,2.47,31.0,1.54,65.0,557.15,,CUST0082,230,0.11614486420087627,0
"97 The Parade, Trowbridge, BA14 8JY",CUST0082,2021-07-04,03-01-2021,04-07-2021,98,98,2.47,31.0,1.54,65.0,488.98,,CUST0082,196,-0.02477937389382623,0
"5 High Street, Crawley, RH10 1BW",CUST0083,2018-07-02,01-01-2018,02-07-2018,130,130,2.47,31.0,1.54,65.0,617.3,,CUST0083,260,0.048558860537746495,0
"5 High Street, Crawley, RH10 1BW",CUST0083,2019-01-01,03-07-2018,01-01-2019,137,137,2.47,31.0,1.54,65.0,645.37,,CUST0083,274,0.0034108204043631907,0
"5 High Street, Crawley, RH10 1BW",CUST0083,2019-07-03,02-01-2019,03-07-2019,109,109,2.47,31.0,1.54,65.0,533.09,,CUST0083,218,0.03490955147041569,0
"5 High Street, Crawley, RH10 1BW",CUST0083,2020-01-02,04-07-2019,02-01-2020,93,93,2.47,31.0,1.54,65.0,468.93,,CUST0083,186,0.05390575696506089,0
"5 High Street, Crawley, RH10 1BW",CUST0083,2020-07-03,03-01-2020,03-07-2020,84,84,2.47,31.0,1.54,65.0,432.84,,CUST0083,168,-0.023941222547664842,0
"19 Broad Street, Reading, RG1 2BH",CUST0084,2018-07-02,01-01-2018,02-07-2018,122,122,2.47,31.0,1.54,65.0,585.22,,CUST0084,244,0.06511149284112688,0
"19 Broad Street, Reading, RG1 2BH",CUST0084,2019-01-01,03-07-2018,01-01-2019,80,80,2.47,31.0,1.54,65.0,416.8,,CUST0084,160,-0.18978864353322866,1
"19 Broad Street, Reading, RG1 2BH",CUST0084,2019-07-03,02-01-2019,03-07-2019,129,129,2.47,31.0,1.54,65.0,613.29,,CUST0084,258,0.03969504419744313,0
"19 Broad Street, Reading, RG1 2BH",CUST0084,2020-01-02,04-07-2019,02-01-2020,127,127,2.47,31.0,1.54,65.0,605.27,,CUST0084,254,0.06301686469584666,0
"19 Broad Street, Reading, RG1 2BH",CUST0084,2020-07-03,03-01-2020,03-07-2020,117,117,2.47,31.0,1.54,65.0,565.17,,CUST0084,234,0.06345427849956603,0
"19 Broad Street, Reading, RG1 2BH",CUST0084,2021-01-02,04-07-2020,02-01-2021,102,102,2.47,31.0,1.54,65.0,505.02,,CUST0084,204,-0.0007860305185992678,0
"19 Broad Street, Reading, RG1 2BH",CUST0084,2021-07-04,03-01-2021,04-07-2021,109,109,2.47,31.0,1.54,65.0,533.09,,CUST0084,218,0.04214390491276493,0
"83 George Street, Luton, LU1 2AQ",CUST0085,2018-07-02,01-01-2018,02-07-2018,66,66,2.47,31.0,1.54,65.0,360.66,,CUST0085,132,0.17541530442054615,0
"83 George Street, Luton, LU1 2AQ",CUST0085,2019-01-01,03-07-2018,01-01-2019,106,106,2.47,31.0,1.54,65.0,521.06,,CUST0085,212,-0.05043326665388792,0
"83 George Street, Luton, LU1 2AQ",CUST0085,2019-07-03,02-01-2019,03-07-2019,67,67,2.47,31.0,1.54,65.0,364.67,,CUST0085,134,0.18278395837928474,0
"15 East Street, Chichester, PO19 1HE",CUST0086,2018-07-02,01-01-2018,02-07-2018,78,78,2.47,31.0,1.54,65.0,408.78,,CUST0086,156,-0.05145273458846633,0
"15 East Street, Chichester, PO19 1HE",CUST0086,2019-01-01,03-07-2018,01-01-2019,136,136,2.47,31.0,1.54,65.0,641.36,,CUST0086,272,0.03751378040004877,0
"15 East Street, Chichester, PO19 1HE",CUST0086,2019-07-03,02-01-2019,03-07-2019,127,127,2.47,31.0,1.54,65.0,567.47,,CUST0086,254,0.12497718179013428,0
"15 East Street, Chichester, PO19 1HE",CUST0086,2020-01-02,04-07-2019,02-01-2020,103,103,2.47,31.0,1.54,65.0,509.03,,CUST0086,206,0.09733244373557715,0
"65 Castle Street, Salisbury, SP1 3UD",CUST0087,2018-07-02,01-01-2018,02-07-2018,114,114,2.47,31.0,1.54,65.0,553.14,,CUST0087,228,0.05948139533454255,0
"65 Castle Street, Salisbury, SP1 3UD",CUST0087,2019-01-01,03-07-2018,01-01-2019,122,122,2.47,31.0,1.54,65.0,585.22,,CUST0087,244,0.13604153798967783,0
"65 Castle Street, Salisbury, SP1 3UD",CUST0087,2019-07-03,02-01-2019,03-07-2019,98,98,2.47,31.0,1.54,65.0,488.98,,CUST0087,196,-0.09878986725351258,0
"65 Castle Street, Salisbury, SP1 3UD",CUST0087,2020-01-02,04-07-2019,02-01-2020,124,124,2.47,31.0,1.54,65.0,593.24,,CUST0087,248,0.1018291731065426,0
"67 Commercial Road, Swindon, SN1 5NX",CUST0088,2018-07-02,01-01-2018,02-07-2018,93,93,2.47,31.0,1.54,65.0,468.93,,CUST0088,186,0.06909584618124276,0
"67 Commercial Road, Swindon, SN1 5NX",CUST0088,2019-01-01,03-07-2018,01-01-2019,73,73,2.47,31.0,1.54,65.0,388.73,,CUST0088,146,-0.039440936524473225,0
"67 Commercial Road, Swindon, SN1 5NX",CUST0088,2019-07-03,02-01-2019,03-07-2019,139,139,2.47,31.0,1.54,65.0,653.39,,CUST0088,278,-0.1330617433374378,0
"67 Commercial Road, Swindon, SN1 5NX",CUST0088,2020-01-02,04-07-2019,02-01-2020,102,102,2.47,31.0,1.54,65.0,505.02,,CUST0088,204,0.04303411644397498,0
"67 Commercial Road, Swindon, SN1 5NX",CUST0088,2020-07-03,03-01-2020,03-07-2020,86,86,2.47,31.0,1.54,65.0,440.86,,CUST0088,172,0.04809566966903417,0
"67 Commercial Road, Swindon, SN1 5NX",CUST0088,2021-01-02,04-07-2020,02-01-2021,97,97,2.47,31.0,1.54,65.0,484.97,,CUST0088,194,0.06951890408088823,0
"67 Commercial Road, Swindon, SN1 5NX",CUST0088,2021-07-04,03-01-2021,04-07-2021,77,77,2.47,31.0,1.54,65.0,404.77,,CUST0088,154,0.015586577417958603,0
"67 Commercial Road, Swindon, SN1 5NX",CUST0088,2022-01-03,05-07-2021,03-01-2022,122,122,2.47,31.0,1.54,65.0,585.22,,CUST0088,244,-0.041631399510657086,0
"25 Above Bar Street, Southampton, SO14 7DX",CUST0089,2018-07-02,01-01-2018,02-07-2018,64,64,2.47,31.0,1.54,65.0,352.64,,CUST0089,128,-0.11468778159509019,0
"25 Above Bar Street, Southampton, SO14 7DX",CUST0089,2019-01-01,03-07-2018,01-01-2019,123,123,2.47,31.0,1.54,65.0,589.23,,CUST0089,246,0.12777441158263164,0
"25 Above Bar Street, Southampton, SO14 7DX",CUST0089,2019-07-03,02-01-2019,03-07-2019,121,121,2.47,31.0,1.54,65.0,581.21,,CUST0089,242,0.14010598937264074,0
"25 Above Bar Street, Southampton, SO14 7DX",CUST0089,2020-01-02,04-07-2019,02-01-2020,104,104,2.47,31.0,1.54,65.0,513.04,,CUST0089,208,0.03924181072474259,0
"36 Market Square, Aylesbury, HP20 1TN",CUST0090,2018-07-02,01-01-2018,02-07-2018,103,103,2.47,31.0,1.54,65.0,509.03,,CUST0090,206,0.010538660341240458,0
"36 Market Square, Aylesbury, HP20 1TN",CUST0090,2019-01-01,03-07-2018,01-01-2019,105,105,2.47,31.0,1.54,65.0,517.05,,CUST0090,210,-0.013156012276380191,0
"36 Market Square, Aylesbury, HP20 1TN",CUST0090,2019-07-03,02-01-2019,03-07-2019,91,91,2.47,31.0,1.54,65.0,460.91,,CUST0090,182,0.005131490400240413,0
"36 Marekt Square, Aylesbury, HP20 1TN",CUST0090,2020-01-02,04-07-2019,02-01-2020,80,80,2.47,31.0,1.54,65.0,416.8,,CUST0090,160,0.011194857923163604,0
"36 Market Square, Aylesbury, HP20 1TN",CUST0090,2020-07-03,03-01-2020,03-07-2020,72,72,2.47,31.0,1.54,65.0,384.72,,CUST0090,144,-0.009154668496539453,0
"36 Market Square, Aylesbury, HP20 1TN",CUST0090,2021-01-02,04-07-2020,02-01-2021,60,60,2.47,31.0,1.54,65.0,336.6,,CUST0090,120,-0.014578311139530564,0
"36 Market Square, Aylesbury, HP20 1TN",CUST0090,2021-07-04,03-01-2021,04-07-2021,61,61,2.47,31.0,1.54,65.0,340.61,,CUST0090,122,0.005559922415458107,0
"83 Market Place, Corby, NN17 1NJ",CUST0091,2018-07-02,01-01-2018,02-07-2018,85,85,2.47,31.0,1.54,65.0,436.85,,CUST0091,170,0.044052649317934345,0
"83 Market Place, Corby, NN17 1NJ",CUST0091,2019-01-01,03-07-2018,01-01-2019,63,63,2.47,31.0,1.54,65.0,142.66,,CUST0091,126,-0.12761134329231805,0
"83 Market Place, Corby, NN17 1NJ",CUST0091,2019-07-03,02-01-2019,03-07-2019,134,134,2.47,31.0,1.54,65.0,633.34,,CUST0091,268,-0.013235080946512934,0
"83 Market Place, Corby, NN17 1NJ",CUST0091,2020-01-02,04-07-2019,02-01-2020,132,132,2.47,31.0,1.54,65.0,625.32,,CUST0091,264,-0.0034295947335573063,0
"83 Market Place, Corby, NN17 1NJ",CUST0091,2020-07-03,03-01-2020,03-07-2020,66,66,2.47,31.0,1.54,65.0,360.66,,CUST0091,132,-0.009396792347665772,0
"83 Market Place, Corby, NN17 1NJ",CUST0091,2021-01-02,04-07-2020,02-01-2021,96,96,2.47,31.0,1.54,65.0,480.96,,CUST0091,192,0.08377507271921303,0
"83 Market Place, Corby, NN17 1NJ",CUST0091,2021-07-04,03-01-2021,04-07-2021,100,100,2.47,31.0,1.54,65.0,497.0,,CUST0091,200,0.06661649946400633,0
"73 Church Street, Slough, SL1 1PJ",CUST0092,2018-07-02,01-01-2018,02-07-2018,65,65,2.47,31.0,1.54,65.0,356.65,,CUST0092,130,-0.10597852278300723,0
"73 Church Street, Slough, SL1 1PJ",CUST0092,2019-01-01,03-07-2018,01-01-2019,122,122,2.47,31.0,1.54,65.0,585.22,,CUST0092,244,0.049195659821720916,0
"73 Church Street, Slough, SL1 1PJ",CUST0092,2019-07-03,02-01-2019,03-07-2019,89,89,2.47,31.0,1.54,65.0,452.89,,CUST0092,178,0.021848849892160016,0
"73 Church Street, Slough, SL1 1PJ",CUST0092,2020-01-02,04-07-2019,02-01-2020,120,120,2.47,31.0,1.54,65.0,577.2,,CUST0092,240,0.026856557095195244,0
"73 Church Street, Slough, SL1 1PJ",CUST0092,2020-07-03,03-01-2020,03-07-2020,125,125,2.47,31.0,1.54,65.0,597.25,,CUST0092,250,-0.017000435837341565,0
"73 Church Street, Slough, SL1 1PJ",CUST0092,2021-01-02,04-07-2020,02-01-2021,74,74,2.47,31.0,1.54,65.0,392.74,,CUST0092,148,-0.005367073615646367,0
"73 Church Street, Slough, SL1 1PJ",CUST0092,2021-07-04,03-01-2021,04-07-2021,85,85,2.47,31.0,1.54,65.0,436.85,,CUST0092,170,0.027351149236455652,0
"73 Church Street, Slough, SL1 1PJ",CUST0092,2022-01-03,05-07-2021,03-01-2022,106,106,2.47,31.0,1.54,65.0,521.06,,CUST0092,212,-0.022994759553861766,0
"33 North Street, Brighton, BN1 1RH",CUST0093,2018-07-02,01-01-2018,02-07-2018,72,72,2.47,31.0,1.54,65.0,384.72,,CUST0093,144,-0.03396564626227894,0
"33 North Street, Brighton, BN1 1RH",CUST0093,2019-01-01,03-07-2018,01-01-2019,120,120,2.47,31.0,1.54,65.0,577.2,,CUST0093,240,-0.06491292155346162,0
"33 North Street, Brighton, BN1 1RH",CUST0093,2019-07-03,02-01-2019,03-07-2019,127,127,2.47,31.0,1.54,65.0,605.27,,CUST0093,254,-0.0870355021304915,0
"33 North Sreet, Brighton, BN1 1RH",CUST0093,2020-01-02,04-07-2019,02-01-2020,61,61,2.47,31.0,1.54,65.0,340.61,,CUST0093,122,0.09470071226628446,0
"33 North Sreet, Brighton, BN1 1RH",CUST0093,2020-07-03,03-01-2020,03-07-2020,61,61,2.47,31.0,1.54,65.0,340.61,,CUST0093,122,0.09470071226628446,0
"33 North Street, Brighton, BN1 1RH",CUST0093,2021-01-02,04-07-2020,02-01-2021,65,65,2.47,31.0,1.54,65.0,356.65,,CUST0093,130,0.029799710621563558,0
"7 Western Road, Hove, BN3 1AF",CUST0094,2018-07-02,01-01-2018,02-07-2018,112,112,2.47,31.0,1.54,65.0,545.12,,CUST0094,224,0.03297430959179776,0
"7 Western Road, Hove, BN3 1AF",CUST0094,2019-01-01,03-07-2018,01-01-2019,69,69,2.47,31.0,1.54,65.0,372.69,,CUST0094,138,-0.05719704404692849,0
"7 Western Road, Hove, BN3 1AF",CUST0094,2019-07-03,02-01-2019,03-07-2019,92,92,2.47,31.0,1.54,65.0,464.92,,CUST0094,184,0.07787242884392098,0
"7 Western Road, Hove, BN3 1AF",CUST0094,2020-01-02,04-07-2019,02-01-2020,89,89,2.47,31.0,1.54,65.0,452.89,,CUST0094,178,0.03658315315261651,0
"7 Western Road, Hove, BN3 1AF",CUST0094,2020-07-03,03-01-2020,03-07-2020,94,94,2.47,31.0,1.54,65.0,472.94,,CUST0094,188,0.06001511480882604,0
"7 Western Road, Hove, BN3 1AF",CUST0094,2021-01-02,04-07-2020,02-01-2021,110,110,2.47,31.0,1.54,65.0,537.1,,CUST0094,220,0.03937710333623057,0
"7 Western Road, Hove, BN3 1AF",CUST0094,2021-07-04,03-01-2021,04-07-2021,72,72,2.47,31.0,1.54,65.0,384.72,,CUST0094,144,-0.02064298310414381,0
"7 Western Road, Hove, BN3 1AF",CUST0094,2022-01-03,05-07-2021,03-01-2022,133,133,2.47,31.0,1.54,65.0,629.33,,CUST0094,266,-0.14443224462707105,1
"16 Market Place, Rugby, CV21 3DU",CUST0095,2018-07-02,01-01-2018,02-07-2018,65,65,2.47,31.0,1.54,65.0,356.65,,CUST0095,130,-0.17755887353605226,1
"16 Market Place, Rugby, CV21 3DU",CUST0095,2019-01-01,03-07-2018,01-01-2019,98,98,2.47,31.0,1.54,65.0,488.98,,CUST0095,196,0.09620473519427447,0
"16 Market Place, Rugby, CV21 3DU",CUST0095,2019-07-03,02-01-2019,03-07-2019,96,96,2.47,31.0,1.54,65.0,480.96,,CUST0095,192,0.08289960961590115,0
"16 Market Place, Rugby, CV21 3DU",CUST0095,2020-01-02,04-07-2019,02-01-2020,114,114,2.47,31.0,1.54,65.0,553.14,,CUST0095,228,0.09366144573486784,0
"16 Market Place, Rugby, CV21 3DU",CUST0095,2020-07-03,03-01-2020,03-07-2020,126,126,2.47,31.0,1.54,65.0,601.26,,CUST0095,252,-0.05345712701856786,0
"16 Market Place, Rugby, CV21 3DU",CUST0095,2021-01-02,04-07-2020,02-01-2021,111,111,2.47,31.0,1.54,65.0,541.11,,CUST0095,222,0.0972374969144022,0
"33 Cowley Road, Oxford, OX4 1JB",CUST0096,2018-07-02,01-01-2018,02-07-2018,69,69,2.47,31.0,1.54,65.0,372.69,,CUST0096,138,0.05115858285623043,0
"33 Cowley Road, Oxford, OX4 1JB",CUST0096,2019-01-01,03-07-2018,01-01-2019,68,68,2.47,31.0,1.54,65.0,1041.02,,CUST0096,136,-0.035183139282709,0
"33 Cowley Road, Oxford, OX4 1JB",CUST0096,2019-07-03,02-01-2019,03-07-2019,93,93,2.47,31.0,1.54,65.0,468.93,,CUST0096,186,0.11789179525255727,0
"33 Cowley Road, Oxford, OX4 1JB",CUST0096,2020-01-02,04-07-2019,02-01-2020,101,101,2.47,31.0,1.54,65.0,501.01,,CUST0096,202,0.07087470304706839,0
"4 Church Street, Slough, SL1 1PJ",CUST0097,2018-07-02,01-01-2018,02-07-2018,91,91,2.47,31.0,1.54,65.0,460.91,,CUST0097,182,0.09048875989736471,0
"4 Church Street, Slough, SL1 1PJ",CUST0097,2019-01-01,03-07-2018,01-01-2019,98,101,2.47,31.0,1.54,65.0,493.6,,CUST0097,199,0.08725594908592454,0
"4 Church Street, Slough, SL1 1PJ",CUST0097,2019-07-03,02-01-2019,03-07-2019,112,112,2.47,31.0,1.54,65.0,545.12,,CUST0097,224,0.030793030099736274,0
"4 Church Street, Slough, SL1 1PJ",CUST0097,2020-01-02,04-07-2019,02-01-2020,98,98,2.47,31.0,1.54,65.0,557.36,,CUST0097,196,0.07489406531122311,0
"4 Church Street, Slough, SL1 1PJ",CUST0097,2020-07-03,03-01-2020,03-07-2020,139,139,2.47,31.0,1.54,65.0,653.39,,CUST0097,278,-0.1540504131273267,1
"4 Chruch Street, Slough, SL1 1PJ",CUST0097,2021-01-02,04-07-2020,02-01-2021,93,93,2.47,31.0,1.54,65.0,468.93,,CUST0097,186,0.10762865233966651,0
"4 Church Street, Slough, SL1 1PJ",CUST0097,2021-07-04,03-01-2021,04-07-2021,78,78,2.47,31.0,1.54,65.0,408.78,,CUST0097,156,-0.10061808161794283,0
"11 High Street North, Dunstable, LU6 1JX",CUST0098,2018-07-02,01-01-2018,02-07-2018,135,135,2.47,31.0,1.54,65.0,637.35,,CUST0098,270,0.016264895850511052,0
"11 High Street North, Dunstable, LU6 1JX",CUST0098,2019-01-01,03-07-2018,01-01-2019,65,65,2.47,31.0,1.54,65.0,356.65,,CUST0098,130,0.04608960681114155,0
"11 High Street North, Dunstable, LU6 1JX",CUST0098,2019-07-03,02-01-2019,03-07-2019,128,128,2.47,31.0,1.54,65.0,609.28,,CUST0098,256,0.0357792692598804,0
"11 High Street North, Dunstable, LU6 1JX",CUST0098,2020-01-02,04-07-2019,02-01-2020,62,62,2.47,31.0,1.54,65.0,344.62,,CUST0098,124,0.03751378040004877,0
"41 Commercial Road, Portsmouth, PO1 1BT",CUST0099,2018-07-02,01-01-2018,02-07-2018,88,88,2.47,31.0,1.54,65.0,488.43,,CUST0099,176,0.029413827860633956,0
"41 Commercial Road, Portsmouth, PO1 1BT",CUST0099,2019-01-01,03-07-2018,01-01-2019,128,128,2.47,31.0,1.54,65.0,609.28,,CUST0099,256,-0.07657303068251631,0
"41 Commercial Road, Portsmouth, PO1 1BT",CUST0099,2019-07-03,02-01-2019,03-07-2019,135,135,2.47,31.0,1.54,65.0,637.35,,CUST0099,270,-0.10668542278444959,0
"41 Commercial Road, Portsmouth, PO1 1BT",CUST0099,2020-01-02,04-07-2019,02-01-2020,94,94,2.47,31.0,1.54,65.0,472.94,,CUST0099,188,0.07189025017947526,0
"41 Commercial Road, Portsmouth, PO1 1BT",CUST0099,2020-07-03,03-01-2020,03-07-2020,83,83,2.47,31.0,1.54,65.0,428.83,,CUST0099,166,-0.018059247036620762,0
"41 Commercial Road, Portsmouth, PO1 1BT",CUST0099,2021-01-02,04-07-2020,02-01-2021,95,95,2.47,31.0,1.54,65.0,476.95,,CUST0099,190,0.07226088585196588,0
"41 Commercial Road, Portsmouth, PO1 1BT",CUST0099,2021-07-04,03-01-2021,04-07-2021,86,86,2.47,31.0,1.54,65.0,440.86,,CUST0099,172,0.03798876921322614,0
"14 Frogmoor, High Wycombe, HP13 5DG",CUST0100,2018-07-02,01-01-2018,02-07-2018,111,111,2.47,31.0,1.54,65.0,541.11,,CUST0100,222,0.1274664236662139,0
"14 Frogmoor, Hihg Wycombe, HP13 5DG",CUST0100,2019-01-01,03-07-2018,01-01-2019,72,72,2.47,31.0,1.54,65.0,384.72,,CUST0100,144,0.020413123423867918,0
"14 Frogmoor, High Wycombe, HP13 5DG",CUST0100,2019-07-03,02-01-2019,03-07-2019,99,99,2.47,31.0,1.54,65.0,492.99,,CUST0100,198,0.18278395837928474,0
