address,account_number,bill_date,billing_period_start,billing_period_end,fresh_water_usage,waste_water_usage,fresh_water_rate,fresh_water_fixed_charge,waste_water_rate,waste_water_fixed_charge,latest_charges
"23 Cornmarket Street, Oxford, OX1 3HA",CUST0001,02-07-2018,01-01-2018,02-07-2018,102,102,2.47,31.0,1.54,65.0,505.02
"23 Cornmarket Street, Oxford, OX1 3HA",CUST0001,01-01-2019,03-07-2018,01-01-2019,68,68,2.47,31.0,1.54,65.0,368.68
"23 Cornmarket Street, Oxford, OX1 3HA",CUST0001,03-07-2019,02-01-2019,03-07-2019,83,83,2.47,31.0,1.54,65.0,428.83
"23 Cornmarket Street, Oxford, OX1 3HA",CUST0001,02-01-2020,04-07-2019,02-01-2020,75,75,2.47,31.0,1.54,65.0,396.75
"23 Cornmarket Street, Oxford, OX1 3HA",CUST0001,03-07-2020,03-01-2020,03-07-2020,127,127,2.47,31.0,1.54,65.0,605.27
"23 Cornmarket Street, Oxford, OX1 3HA",CUST0001,02-01-2021,04-07-2020,02-01-2021,136,136,2.47,31.0,1.54,65.0,641.36
"8 Market Square, Witney, OX28 6BB",CUST0002,02-07-2018,01-01-2018,02-07-2018,87,87,2.47,31.0,1.54,65.0,444.87
"8 Market Square, Witney, OX28 6BB",CUST0002,01-01-2019,03-07-2018,01-01-2019,137,137,2.47,31.0,1.54,65.0,645.37
"8 Market Square, Witney, OX28 6BB",CUST0002,03-07-2019,02-01-2019,03-07-2019,77,77,2.47,31.0,1.54,65.0,404.77
"12 Broad Street, Abingdon, OX14 3LH",CUST0003,02-07-2018,01-01-2018,02-07-2018,79,79,2.47,31.0,1.54,65.0,412.79
"12 Broad Street, Abingdon, OX14 3LH",CUST0003,01-01-2019,03-07-2018,01-01-2019,112,112,2.47,31.0,1.54,65.0,545.12
"12 Broad Street, Abingdon, OX14 3LH",CUST0003,03-07-2019,02-01-2019,03-07-2019,131,131,2.47,31.0,1.54,65.0,621.31
"62 High Street, Leighton Buzzard, LU7 1EA",CUST0004,02-07-2018,01-01-2018,02-07-2018,106,106,2.47,31.0,1.54,65.0,521.06
"62 High Street, Leighton Buzzard, LU7 1EA",CUST0004,01-01-2019,03-07-2018,01-01-2019,130,130,2.47,31.0,1.54,65.0,617.3
"62 High Street, Leighton Buzzard, LU7 1EA",CUST0004,03-07-2019,02-01-2019,03-07-2019,99,99,2.47,31.0,1.54,65.0,492.99
"62 High Street, Leighton Buzzard, LU7 1EA",CUST0004,02-01-2020,04-07-2019,02-01-2020,115,115,2.47,31.0,1.54,65.0,557.15
"62 High Street, Leighton Buzzard, LU7 1EA",CUST0004,03-07-2020,03-01-2020,03-07-2020,135,135,2.47,31.0,1.54,65.0,637.35
"62 Hihg Street, Leighton Buzzard, LU7 1EA",CUST0004,02-01-2021,04-07-2020,02-01-2021,125,125,2.47,31.0,1.54,65.0,597.25
"62 High Street, Leighton Buzzard, LU7 1EA",CUST0004,04-07-2021,03-01-2021,04-07-2021,129,129,2.47,31.0,1.54,65.0,613.29
"62 High Street, Leighton Buzzard, LU7 1EA",CUST0004,03-01-2022,05-07-2021,03-01-2022,119,119,2.47,31.0,1.54,65.0,1377.42
"17 Market Square, Aylesbury, HP20 1TN",CUST0005,02-07-2018,01-01-2018,02-07-2018,123,123,2.47,31.0,1.54,65.0,589.23
"17 Market Square, Aylesbury, HP20 1TN",CUST0005,01-01-2019,03-07-2018,01-01-2019,98,98,2.47,31.0,1.54,65.0,488.98
"17 Marekt Square, Aylesbury, HP20 1TN",CUST0005,03-07-2019,02-01-2019,03-07-2019,121,121,2.47,31.0,1.54,65.0,581.21
"17 Marekt Square, Aylesbury, HP20 1TN",CUST0005,02-01-2020,04-07-2019,02-01-2020,98,98,2.47,31.0,1.54,65.0,488.98
"12 Commercial Road, Swindon, SN1 5NX",CUST0006,02-07-2018,01-01-2018,02-07-2018,112,112,2.47,31.0,1.54,65.0,545.12
"12 Commercial Road, Swindon, SN1 5NX",CUST0006,01-01-2019,03-07-2018,01-01-2019,134,134,2.47,31.0,1.54,65.0,633.34
"12 Commercial Road, Swindon, SN1 5NX",CUST0006,03-07-2019,02-01-2019,03-07-2019,98,98,2.47,31.0,1.54,65.0,438.87
"12 Commercial Road, Swindon, SN1 5NX",CUST0006,02-01-2020,04-07-2019,02-01-2020,80,80,2.47,31.0,1.54,65.0,416.8
"12 Commercial Road, Swindon, SN1 5NX",CUST0006,03-07-2020,03-01-2020,03-07-2020,121,121,2.47,31.0,1.54,65.0,581.21
"12 Commercial Road, Swindon, SN1 5NX",CUST0006,02-01-2021,04-07-2020,02-01-2021,71,71,2.47,31.0,1.54,65.0,380.71
"45 Smith Street, Warwick, CV34 4JA",CUST0007,02-07-2018,01-01-2018,02-07-2018,100,100,2.47,31.0,1.54,65.0,497.0
"45 Smith Street, Warwick, CV34 4JA",CUST0007,01-01-2019,03-07-2018,01-01-2019,90,90,2.47,31.0,1.54,65.0,456.9
"45 Smith Street, Warwick, CV34 4JA",CUST0007,03-07-2019,02-01-2019,03-07-2019,120,120,2.47,31.0,1.54,65.0,577.2
"45 Smith Street, Warwick, CV34 4JA",CUST0007,02-01-2020,04-07-2019,02-01-2020,62,62,2.47,31.0,1.54,65.0,344.62
"30 High Street, High Wycombe, HP11 2AZ",CUST0008,02-07-2018,01-01-2018,02-07-2018,126,130,2.47,31.0,1.54,65.0,607.42
"30 High Street, High Wycombe, HP11 2AZ",CUST0008,01-01-2019,03-07-2018,01-01-2019,111,116,2.47,31.0,1.54,65.0,548.81
"30 High Street, High Wycombe, HP11 2AZ",CUST0008,03-07-2019,02-01-2019,03-07-2019,124,124,2.47,31.0,1.54,65.0,593.24
"30 High Street, High Wycombe, HP11 2AZ",CUST0008,02-01-2020,04-07-2019,02-01-2020,84,84,2.47,31.0,1.54,65.0,432.84
"30 High Street, High Wycombe, HP11 2AZ",CUST0008,03-07-2020,03-01-2020,03-07-2020,107,107,2.47,31.0,1.54,65.0,525.07
"66 Market Square, Witney, OX28 6BB",CUST0009,02-07-2018,01-01-2018,02-07-2018,101,101,2.47,31.0,1.54,65.0,501.01
"66 Market Square, Witney, OX28 6BB",CUST0009,01-01-2019,03-07-2018,01-01-2019,100,100,2.47,31.0,1.54,65.0,497.0
"66 Market Square, Witney, OX28 6BB",CUST0009,03-07-2019,02-01-2019,03-07-2019,137,137,2.47,31.0,1.54,65.0,645.37
"66 Market Square, Witney, OX28 6BB",CUST0009,02-01-2020,04-07-2019,02-01-2020,120,120,2.47,31.0,1.54,65.0,577.2
"66 Market Square, Witney, OX28 6BB",CUST0009,03-07-2020,03-01-2020,03-07-2020,71,71,2.47,31.0,1.54,65.0,380.71
"66 Market Square, Witney, OX28 6BB",CUST0009,02-01-2021,04-07-2020,02-01-2021,105,105,2.47,31.0,1.54,65.0,517.05
"47 High Street, Reading, RG1 2AA",CUST0010,02-07-2018,01-01-2018,02-07-2018,104,104,2.47,31.0,1.54,65.0,513.04
"47 High Street, Reading, RG1 2AA",CUST0010,01-01-2019,03-07-2018,01-01-2019,85,85,2.47,31.0,1.54,65.0,436.85
"47 High Street, Reading, RG1 2AA",CUST0010,03-07-2019,02-01-2019,03-07-2019,120,120,2.47,31.0,1.54,65.0,577.2
"47 High Street, Reading, RG1 2AA",CUST0010,02-01-2020,04-07-2019,02-01-2020,99,99,2.47,31.0,1.54,65.0,492.99
"47 High Street, Reading, RG1 2AA",CUST0010,03-07-2020,03-01-2020,03-07-2020,134,134,2.47,31.0,1.54,65.0,633.34
"47 High Street, Reading, RG1 2AA",CUST0010,02-01-2021,04-07-2020,02-01-2021,132,132,2.47,31.0,1.54,65.0,625.32
"47 High Street, Reading, RG1 2AA",CUST0010,04-07-2021,03-01-2021,04-07-2021,66,66,2.47,31.0,1.54,65.0,360.66
"29 Sheep Street, Stow-on-the-Wold, GL54 1AA",CUST0011,02-07-2018,01-01-2018,02-07-2018,130,130,2.47,31.0,1.54,65.0,617.3
"29 Sheep Street, Stow-on-the-Wold, GL54 1AA",CUST0011,01-01-2019,03-07-2018,01-01-2019,98,98,2.47,31.0,1.54,65.0,488.98
"29 Sheep Street, Stow-on-the-Wold, GL54 1AA",CUST0011,03-07-2019,02-01-2019,03-07-2019,130,130,2.47,31.0,1.54,65.0,617.3
"29 Sheep Street, Stow-on-the-Wold, GL54 1AA",CUST0011,02-01-2020,04-07-2019,02-01-2020,70,70,2.47,31.0,1.54,65.0,376.7
"29 Sheep Street, Stow-on-the-Wold, GL54 1AA",CUST0011,03-07-2020,03-01-2020,03-07-2020,113,113,2.47,31.0,1.54,65.0,549.13
"31 High Street, Kettering, NN16 8SP",CUST0012,02-07-2018,01-01-2018,02-07-2018,111,111,2.47,31.0,1.54,65.0,541.11
"31 High Street, Kettering, NN16 8SP",CUST0012,01-01-2019,03-07-2018,01-01-2019,90,90,2.47,31.0,1.54,65.0,456.9
"31 High Street, Kettering, NN16 8SP",CUST0012,03-07-2019,02-01-2019,03-07-2019,76,76,2.47,31.0,1.54,65.0,400.76
"8 Market Square, Northampton, NN1 2DL",CUST0013,02-07-2018,01-01-2018,02-07-2018,126,126,2.47,31.0,1.54,65.0,601.26
"8 Market Square, Northampton, NN1 2DL",CUST0013,01-01-2019,03-07-2018,01-01-2019,135,135,2.47,31.0,1.54,65.0,704.91
"8 Market Square, Northampton, NN1 2DL",CUST0013,03-07-2019,02-01-2019,03-07-2019,110,110,2.47,31.0,1.54,65.0,537.1
"8 Market Square, Northampton, NN1 2DL",CUST0013,02-01-2020,04-07-2019,02-01-2020,125,125,2.47,31.0,1.54,65.0,597.25
"8 Market Square, Northampton, NN1 2DL",CUST0013,03-07-2020,03-01-2020,03-07-2020,83,83,2.47,31.0,1.54,65.0,428.83
"8 Market Square, Northampton, NN1 2DL",CUST0013,02-01-2021,04-07-2020,02-01-2021,71,71,2.47,31.0,1.54,65.0,380.71
"8 Market Square, Northampton, NN1 2DL",CUST0013,04-07-2021,03-01-2021,04-07-2021,74,74,2.47,31.0,1.54,65.0,392.74
"8 Market Square, Northampton, NN1 2DL",CUST0013,03-01-2022,05-07-2021,03-01-2022,130,130,2.47,31.0,1.54,65.0,617.3
"25 The Parade, Leamington Spa, CV32 4DW",CUST0014,02-07-2018,01-01-2018,02-07-2018,107,110,2.47,31.0,1.54,65.0,529.69
"25 The Parade, Leamington Spa, CV32 4DW",CUST0014,01-01-2019,03-07-2018,01-01-2019,106,106,2.47,31.0,1.54,65.0,521.06
"25 The Parade, Leamington Spa, CV32 4DW",CUST0014,03-07-2019,02-01-2019,03-07-2019,105,108,2.47,31.0,1.54,65.0,521.67
"62 South Street, Worthing, BN11 3AA",CUST0015,02-07-2018,01-01-2018,02-07-2018,122,124,2.47,31.0,1.54,65.0,588.3
"62 South Street, Worthing, BN11 3AA",CUST0015,01-01-2019,03-07-2018,01-01-2019,61,61,2.47,31.0,1.54,65.0,340.61
"62 South Sreet, Worthing, BN11 3AA",CUST0015,03-07-2019,02-01-2019,03-07-2019,99,99,2.47,31.0,1.54,65.0,492.99
"62 South Street, Worthing, BN11 3AA",CUST0015,02-01-2020,04-07-2019,02-01-2020,101,101,2.47,31.0,1.54,65.0,501.01
"62 South Street, Worthing, BN11 3AA",CUST0015,03-07-2020,03-01-2020,03-07-2020,92,92,2.47,31.0,1.54,65.0,1072.92
"31 South Street, Worthing, BN11 3AA",CUST0016,02-07-2018,01-01-2018,02-07-2018,72,75,2.47,31.0,1.54,65.0,389.34
"31 South Street, Worthing, BN11 3AA",CUST0016,01-01-2019,03-07-2018,01-01-2019,68,68,2.47,31.0,1.54,65.0,368.68
"31 South Street, Worthing, BN11 3AA",CUST0016,03-07-2019,02-01-2019,03-07-2019,75,75,2.47,31.0,1.54,65.0,396.75
"26 Hart Street, Henley-on-Thames, RG9 2AR",CUST0017,02-07-2018,01-01-2018,02-07-2018,140,140,2.47,31.0,1.54,65.0,657.4
"26 Hart Street, Henley-on-Thames, RG9 2AR",CUST0017,01-01-2019,03-07-2018,01-01-2019,109,109,2.47,31.0,1.54,65.0,533.09
"26 Hart Street, Henley-on-Thames, RG9 2AR",CUST0017,03-07-2019,02-01-2019,03-07-2019,134,134,2.47,31.0,1.54,65.0,633.34
"26 Hart Street, Henley-on-Thames, RG9 2AR",CUST0017,02-01-2020,04-07-2019,02-01-2020,97,97,2.47,31.0,1.54,65.0,484.97
"26 Hart Street, Henley-on-Thames, RG9 2AR",CUST0017,03-07-2020,03-01-2020,03-07-2020,110,110,2.47,31.0,1.54,65.0,537.1
"26 Hart Street, Henley-on-Thames, RG9 2AR",CUST0017,02-01-2021,04-07-2020,02-01-2021,112,112,2.47,31.0,1.54,65.0,545.12
"26 Hart Street, Henley-on-Thames, RG9 2AR",CUST0017,04-07-2021,03-01-2021,04-07-2021,109,109,2.47,31.0,1.54,65.0,533.09
"41 Queen Street, Bicester, OX26 2NY",CUST0018,02-07-2018,01-01-2018,02-07-2018,98,98,2.47,31.0,1.54,65.0,488.98
"33 Promenade, Cheltenham, GL50 1NW",CUST0018,01-01-2019,03-07-2018,01-01-2019,76,76,2.47,31.0,1.54,65.0,400.76
"41 Queen Street, Bicester, OX26 2NY",CUST0018,03-07-2019,02-01-2019,03-07-2019,139,139,2.47,31.0,1.54,65.0,653.39
"41 Queen Street, Bicester, OX26 2NY",CUST0018,02-01-2020,04-07-2019,02-01-2020,84,84,2.47,31.0,1.54,65.0,432.84
"41 Queen Street, Bicester, OX26 2NY",CUST0018,03-07-2020,03-01-2020,03-07-2020,92,92,2.47,31.0,1.54,65.0,464.92
"33 Promenade, Cheltenham, GL50 1NW",CUST0018,02-01-2021,04-07-2020,02-01-2021,99,99,2.47,31.0,1.54,65.0,492.99
"41 Queen Street, Bicester, OX26 2NY",CUST0018,04-07-2021,03-01-2021,04-07-2021,131,131,2.47,31.0,1.54,65.0,621.31
"41 Queen Street, Bicester, OX26 2NY",CUST0018,03-01-2022,05-07-2021,03-01-2022,102,102,2.47,31.0,1.54,65.0,505.02
"12 High Street, Winchester, SO23 9JX",CUST0019,02-07-2018,01-01-2018,02-07-2018,114,114,2.47,31.0,1.54,65.0,553.14
"12 High Street, Winchester, SO23 9JX",CUST0019,01-01-2019,03-07-2018,01-01-2019,76,76,2.47,31.0,1.54,65.0,400.76
"12 High Street, Winchester, SO23 9JX",CUST0019,03-07-2019,02-01-2019,03-07-2019,110,110,2.47,31.0,1.54,65.0,537.1
"12 High Street, Winchester, SO23 9JX",CUST0019,02-01-2020,04-07-2019,02-01-2020,86,86,2.47,31.0,1.54,65.0,440.86
"12 High Street, Winchester, SO23 9JX",CUST0019,03-07-2020,03-01-2020,03-07-2020,131,131,2.47,31.0,1.54,65.0,621.31
"12 High Street, Winchester, SO23 9JX",CUST0019,02-01-2021,04-07-2020,02-01-2021,133,133,2.47,31.0,1.54,65.0,629.33
"5 Hart Street, Henley-on-Thames, RG9 2AR",CUST0020,02-07-2018,01-01-2018,02-07-2018,135,135,2.47,31.0,1.54,65.0,637.35
"5 Hart Street, Henley-on-Thames, RG9 2AR",CUST0020,01-01-2019,03-07-2018,01-01-2019,129,129,2.47,31.0,1.54,65.0,613.29
"5 Hart Street, Henley-on-Thames, RG9 2AR",CUST0020,03-07-2019,02-01-2019,03-07-2019,78,78,2.47,31.0,1.54,65.0,408.78
"5 Hart Street, Henley-on-Thames, RG9 2AR",CUST0020,02-01-2020,04-07-2019,02-01-2020,134,134,2.47,31.0,1.54,65.0,633.34
"5 Hart Street, Henley-on-Thames, RG9 2AR",CUST0020,03-07-2020,03-01-2020,03-07-2020,126,126,2.47,31.0,1.54,65.0,601.26
"5 Hart Street, Henley-on-Thames, RG9 2AR",CUST0020,02-01-2021,04-07-2020,02-01-2021,123,123,2.47,31.0,1.54,65.0,589.23
"13 Market Place, Devizes, SN10 1HT",CUST0021,02-07-2018,01-01-2018,02-07-2018,113,113,2.47,31.0,1.54,65.0,549.13
"13 Market Place, Devizes, SN10 1HT",CUST0021,01-01-2019,03-07-2018,01-01-2019,88,88,2.47,31.0,1.54,65.0,448.88
"13 Market Place, Devizes, SN10 1HT",CUST0021,03-07-2019,02-01-2019,03-07-2019,68,68,2.47,31.0,1.54,65.0,368.68
"13 Market Place, Devizes, SN10 1HT",CUST0021,02-01-2020,04-07-2019,02-01-2020,138,138,2.47,31.0,1.54,65.0,649.38
"13 Market Place, Devizes, SN10 1HT",CUST0021,03-07-2020,03-01-2020,03-07-2020,72,72,2.47,31.0,1.54,65.0,384.72
"13 Market Place, Devizes, SN10 1HT",CUST0021,02-01-2021,04-07-2020,02-01-2021,85,85,2.47,31.0,1.54,65.0,436.85
"13 Market Place, Devizes, SN10 1HT",CUST0021,04-07-2021,03-01-2021,04-07-2021,114,114,2.47,31.0,1.54,65.0,553.14
"8 Market Place, Newbury, RG14 5BD",CUST0022,02-07-2018,01-01-2018,02-07-2018,120,120,2.47,31.0,1.54,65.0,577.2
"8 Market Place, Newbury, RG14 5BD",CUST0022,01-01-2019,03-07-2018,01-01-2019,74,74,2.47,31.0,1.54,65.0,392.74
"8 Market Place, Newbury, RG14 5BD",CUST0022,03-07-2019,02-01-2019,03-07-2019,115,115,2.47,31.0,1.54,65.0,557.15
"8 Market Place, Newbury, RG14 5BD",CUST0022,02-01-2020,04-07-2019,02-01-2020,87,87,2.47,31.0,1.54,65.0,444.87
"8 Market Place, Newbury, RG14 5BD",CUST0022,03-07-2020,03-01-2020,03-07-2020,127,127,2.47,31.0,1.54,65.0,605.27
"8 Market Place, Newbury, RG14 5BD",CUST0022,02-01-2021,04-07-2020,02-01-2021,102,102,2.47,31.0,1.54,65.0,505.02
"8 Market Place, Newbury, RG14 5BD",CUST0022,04-07-2021,03-01-2021,04-07-2021,91,91,2.47,31.0,1.54,65.0,460.91
"69 Market Place, Newbury, RG14 5BD",CUST0023,02-07-2018,01-01-2018,02-07-2018,79,79,2.47,31.0,1.54,65.0,412.79
"69 Market Place, Newbury, RG14 5BD",CUST0023,01-01-2019,03-07-2018,01-01-2019,87,87,2.47,31.0,1.54,65.0,444.87
"69 Market Place, Newbury, RG14 5BD",CUST0023,03-07-2019,02-01-2019,03-07-2019,100,100,2.47,31.0,1.54,65.0,497.0
"69 Market Place, Newbury, RG14 5BD",CUST0023,02-01-2020,04-07-2019,02-01-2020,61,61,2.47,31.0,1.54,65.0,340.61
"31 Sheep Street, Chipping Norton, OX7 5EJ",CUST0024,02-07-2018,01-01-2018,02-07-2018,114,114,2.47,31.0,1.54,65.0,553.14
"31 Sheep Street, Chipping Norton, OX7 5EJ",CUST0024,01-01-2019,03-07-2018,01-01-2019,123,123,2.47,31.0,1.54,65.0,624.25
"31 Sheep Street, Chipping Norton, OX7 5EJ",CUST0024,03-07-2019,02-01-2019,03-07-2019,63,63,2.47,31.0,1.54,65.0,348.63
"31 Sheep Street, Chipping Norton, OX7 5EJ",CUST0024,02-01-2020,04-07-2019,02-01-2020,90,90,2.47,31.0,1.54,65.0,456.9
"31 Sheep Street, Chipping Norton, OX7 5EJ",CUST0024,03-07-2020,03-01-2020,03-07-2020,82,82,2.47,31.0,1.54,65.0,424.82
"22 Castle Street, Salisbury, SP1 3UD",CUST0025,02-07-2018,01-01-2018,02-07-2018,133,133,2.47,31.0,1.54,65.0,629.33
"22 Castle Sreet, Salisbury, SP1 3UD",CUST0025,01-01-2019,03-07-2018,01-01-2019,107,107,2.47,31.0,1.54,65.0,525.07
"22 Castle Street, Salisbury, SP1 3UD",CUST0025,03-07-2019,02-01-2019,03-07-2019,71,71,2.47,31.0,1.54,65.0,380.71
"22 Castle Street, Salisbury, SP1 3UD",CUST0025,02-01-2020,04-07-2019,02-01-2020,77,77,2.47,31.0,1.54,65.0,404.77
"22 Castle Street, Salisbury, SP1 3UD",CUST0025,03-07-2020,03-01-2020,03-07-2020,128,128,2.47,31.0,1.54,65.0,609.28
"22 Castle Street, Salisbury, SP1 3UD",CUST0025,02-01-2021,04-07-2020,02-01-2021,128,128,2.47,31.0,1.54,65.0,609.28
"42 High Street, Woodstock, OX20 1TG",CUST0026,02-07-2018,01-01-2018,02-07-2018,114,114,2.47,31.0,1.54,65.0,553.14
"42 High Street, Woodstock, OX20 1TG",CUST0026,01-01-2019,03-07-2018,01-01-2019,122,122,2.47,31.0,1.54,65.0,585.22
"42 High Street, Woodstock, OX20 1TG",CUST0026,03-07-2019,02-01-2019,03-07-2019,108,108,2.47,31.0,1.54,65.0,529.08
"82 Banbury Road, Oxford, OX2 6NN",CUST0027,02-07-2018,01-01-2018,02-07-2018,77,77,2.47,31.0,1.54,65.0,404.77
"47 High Street North, Dunstable, LU6 1JX",CUST0027,01-01-2019,03-07-2018,01-01-2019,115,115,2.47,31.0,1.54,65.0,557.15
"47 High Street North, Dunstable, LU6 1JX",CUST0027,03-07-2019,02-01-2019,03-07-2019,63,63,2.47,31.0,1.54,65.0,348.63
"47 High Street North, Dunstable, LU6 1JX",CUST0027,02-01-2020,04-07-2019,02-01-2020,140,140,2.47,31.0,1.54,65.0,657.4
"47 High Street North, Dunstable, LU6 1JX",CUST0027,03-07-2020,03-01-2020,03-07-2020,72,72,2.47,31.0,1.54,65.0,384.72
"47 High Street North, Dunstable, LU6 1JX",CUST0027,02-01-2021,04-07-2020,02-01-2021,80,80,2.47,31.0,1.54,65.0,416.8
"47 High Street North, Dunstable, LU6 1JX",CUST0027,04-07-2021,03-01-2021,04-07-2021,140,140,2.47,31.0,1.54,65.0,657.4
"61 King Street, Maidenhead, SL6 1EF",CUST0028,02-07-2018,01-01-2018,02-07-2018,116,116,2.47,31.0,1.54,65.0,561.16
"61 King Street, Maidenhead, SL6 1EF",CUST0028,01-01-2019,03-07-2018,01-01-2019,136,136,2.47,31.0,1.54,65.0,641.36
"61 King Street, Maidenhead, SL6 1EF",CUST0028,03-07-2019,02-01-2019,03-07-2019,89,89,2.47,31.0,1.54,65.0,452.89
"89 Market Square, Northampton, NN1 2DL",CUST0029,02-07-2018,01-01-2018,02-07-2018,138,140,2.47,31.0,1.54,65.0,652.46
"89 Market Square, Northampton, NN1 2DL",CUST0029,01-01-2019,03-07-2018,01-01-2019,66,66,2.47,31.0,1.54,65.0,360.66
"89 Market Square, Northampton, NN1 2DL",CUST0029,03-07-2019,02-01-2019,03-07-2019,116,116,2.47,31.0,1.54,65.0,561.16
"89 Market Square, Northampton, NN1 2DL",CUST0029,02-01-2020,04-07-2019,02-01-2020,103,103,2.47,31.0,1.54,65.0,509.03
"80 Bridge Street, Stratford-upon-Avon, CV37 6AB",CUST0030,02-07-2018,01-01-2018,02-07-2018,85,88,2.47,31.0,1.54,65.0,441.47
"80 Bridge Street, Stratford-upon-Avon, CV37 6AB",CUST0030,01-01-2019,03-07-2018,01-01-2019,137,137,2.47,31.0,1.54,65.0,645.37
"80 Bridge Street, Stratford-upon-Avon, CV37 6AB",CUST0030,03-07-2019,02-01-2019,03-07-2019,118,118,2.47,31.0,1.54,65.0,569.18
"14 Church Street, Slough, SL1 1PJ",CUST0031,02-07-2018,01-01-2018,02-07-2018,86,86,2.47,31.0,1.54,65.0,440.86
"14 Church Street, Slough, SL1 1PJ",CUST0031,01-01-2019,03-07-2018,01-01-2019,63,65,2.47,31.0,1.54,65.0,351.71
"14 Church Street, Slough, SL1 1PJ",CUST0031,03-07-2019,02-01-2019,03-07-2019,61,61,2.47,31.0,1.54,65.0,340.61
"14 Church Street, Slough, SL1 1PJ",CUST0031,02-01-2020,04-07-2019,02-01-2020,98,98,2.47,31.0,1.54,65.0,488.98
"14 Church Street, Slough, SL1 1PJ",CUST0031,03-07-2020,03-01-2020,03-07-2020,120,120,2.47,31.0,1.54,65.0,577.2
"14 Church Street, Slough, SL1 1PJ",CUST0031,02-01-2021,04-07-2020,02-01-2021,83,83,2.47,31.0,1.54,65.0,428.83
"14 Church Street, Slough, SL1 1PJ",CUST0031,04-07-2021,03-01-2021,04-07-2021,65,65,2.47,31.0,1.54,65.0,356.65
"14 Church Street, Slough, SL1 1PJ",CUST0031,03-01-2022,05-07-2021,03-01-2022,129,129,2.47,31.0,1.54,65.0,613.29
"20 South Street, Worthing, BN11 3AA",CUST0032,02-07-2018,01-01-2018,02-07-2018,64,64,2.47,31.0,1.54,65.0,352.64
"20 South Street, Worthing, BN11 3AA",CUST0032,01-01-2019,03-07-2018,01-01-2019,139,139,2.47,31.0,1.54,65.0,653.39
"20 South Street, Worthing, BN11 3AA",CUST0032,03-07-2019,02-01-2019,03-07-2019,106,106,2.47,31.0,1.54,65.0,521.06
"20 South Street, Worthing, BN11 3AA",CUST0032,02-01-2020,04-07-2019,02-01-2020,95,95,2.47,31.0,1.54,65.0,476.95
"20 South Street, Worthing, BN11 3AA",CUST0032,03-07-2020,03-01-2020,03-07-2020,112,112,2.47,31.0,1.54,65.0,545.12
"20 South Street, Worthing, BN11 3AA",CUST0032,02-01-2021,04-07-2020,02-01-2021,76,76,2.47,31.0,1.54,65.0,400.76
"92 Cowley Road, Oxford, OX4 1JB",CUST0033,02-07-2018,01-01-2018,02-07-2018,112,112,2.47,31.0,1.54,65.0,545.12
"92 Cowley Road, Oxford, OX4 1JB",CUST0033,01-01-2019,03-07-2018,01-01-2019,129,133,2.47,31.0,1.54,65.0,619.45
"92 Cowley Road, Oxford, OX4 1JB",CUST0033,03-07-2019,02-01-2019,03-07-2019,106,106,2.47,31.0,1.54,65.0,521.06
"92 Cowley Road, Oxford, OX4 1JB",CUST0033,02-01-2020,04-07-2019,02-01-2020,63,63,2.47,31.0,1.54,65.0,348.63
"92 Cowley Road, Oxford, OX4 1JB",CUST0033,03-07-2020,03-01-2020,03-07-2020,90,90,2.47,31.0,1.54,65.0,456.9
"92 Cowley Road, Oxford, OX4 1JB",CUST0033,02-01-2021,04-07-2020,02-01-2021,130,130,2.47,31.0,1.54,65.0,617.3
"52 Cornmarket Street, Oxford, OX1 3HA",CUST0034,02-07-2018,01-01-2018,02-07-2018,62,62,2.47,31.0,1.54,65.0,344.62
"52 Cornmarket Street, Oxford, OX1 3HA",CUST0034,01-01-2019,03-07-2018,01-01-2019,91,91,2.47,31.0,1.54,65.0,460.91
"52 Cornmarket Street, Oxford, OX1 3HA",CUST0034,03-07-2019,02-01-2019,03-07-2019,127,127,2.47,31.0,1.54,65.0,605.27
"52 Cornmarket Street, Oxford, OX1 3HA",CUST0034,02-01-2020,04-07-2019,02-01-2020,87,87,2.47,31.0,1.54,65.0,444.87
"52 Cornmarket Street, Oxford, OX1 3HA",CUST0034,03-07-2020,03-01-2020,03-07-2020,63,63,2.47,31.0,1.54,65.0,348.63
"52 Cornmarket Street, Oxford, OX1 3HA",CUST0034,02-01-2021,04-07-2020,02-01-2021,63,63,2.47,31.0,1.54,65.0,110.27
"11 Market Place, Devizes, SN10 1HT",CUST0035,02-07-2018,01-01-2018,02-07-2018,88,88,2.47,31.0,1.54,65.0,448.88
"11 Market Place, Devizes, SN10 1HT",CUST0035,01-01-2019,03-07-2018,01-01-2019,87,87,2.47,31.0,1.54,65.0,387.94
"11 Market Place, Devizes, SN10 1HT",CUST0035,03-07-2019,02-01-2019,03-07-2019,90,90,2.47,31.0,1.54,65.0,456.9
"11 Market Place, Devizes, SN10 1HT",CUST0035,02-01-2020,04-07-2019,02-01-2020,78,81,2.47,31.0,1.54,65.0,413.4
"44 High Street, Crawley, RH10 1BW",CUST0036,02-07-2018,01-01-2018,02-07-2018,97,97,2.47,31.0,1.54,65.0,484.97
"44 High Street, Crawley, RH10 1BW",CUST0036,01-01-2019,03-07-2018,01-01-2019,119,119,2.47,31.0,1.54,65.0,573.19
"44 High Street, Crawley, RH10 1BW",CUST0036,03-07-2019,02-01-2019,03-07-2019,130,130,2.47,31.0,1.54,65.0,617.3
"17 Broad Street, Abingdon, OX14 3LH",CUST0037,02-07-2018,01-01-2018,02-07-2018,138,138,2.47,31.0,1.54,65.0,649.38
"17 Broad Street, Abingdon, OX14 3LH",CUST0037,01-01-2019,03-07-2018,01-01-2019,91,91,2.47,31.0,1.54,65.0,460.91
"17 Broad Street, Abingdon, OX14 3LH",CUST0037,03-07-2019,02-01-2019,03-07-2019,137,137,2.47,31.0,1.54,65.0,645.37
"17 Broad Street, Abingdon, OX14 3LH",CUST0037,02-01-2020,04-07-2019,02-01-2020,103,103,2.47,31.0,1.54,65.0,509.03
"17 Broad Street, Abingdon, OX14 3LH",CUST0037,03-07-2020,03-01-2020,03-07-2020,125,125,2.47,31.0,1.54,65.0,597.25
"17 Broad Street, Abingdon, OX14 3LH",CUST0037,02-01-2021,04-07-2020,02-01-2021,79,79,2.47,31.0,1.54,65.0,412.79
"24 Regent Street, Swindon, SN1 1JQ",CUST0038,02-07-2018,01-01-2018,02-07-2018,98,98,2.47,31.0,1.54,65.0,488.98
"24 Regent Street, Swindon, SN1 1JQ",CUST0038,01-01-2019,03-07-2018,01-01-2019,79,79,2.47,31.0,1.54,65.0,412.79
"24 Regent Street, Swindon, SN1 1JQ",CUST0038,03-07-2019,02-01-2019,03-07-2019,109,109,2.47,31.0,1.54,65.0,533.09
"24 Regent Street, Swindon, SN1 1JQ",CUST0038,02-01-2020,04-07-2019,02-01-2020,131,131,2.47,31.0,1.54,65.0,621.31
"24 Regent Sreet, Swindon, SN1 1JQ",CUST0038,03-07-2020,03-01-2020,03-07-2020,126,126,2.47,31.0,1.54,65.0,601.26
"24 Regent Street, Swindon, SN1 1JQ",CUST0038,02-01-2021,04-07-2020,02-01-2021,68,68,2.47,31.0,1.54,65.0,368.68
"15 The Parade, Trowbridge, BA14 8JY",CUST0039,02-07-2018,01-01-2018,02-07-2018,127,127,2.47,31.0,1.54,65.0,605.27
"15 The Parade, Trowbridge, BA14 8JY",CUST0039,01-01-2019,03-07-2018,01-01-2019,127,128,2.47,31.0,1.54,65.0,606.81
"15 The Parade, Trowbridge, BA14 8JY",CUST0039,03-07-2019,02-01-2019,03-07-2019,104,104,2.47,31.0,1.54,65.0,513.04
"15 The Parade, Trowbridge, BA14 8JY",CUST0039,02-01-2020,04-07-2019,02-01-2020,86,86,2.47,31.0,1.54,65.0,440.86
"15 The Parade, Trowbridge, BA14 8JY",CUST0039,03-07-2020,03-01-2020,03-07-2020,93,93,2.47,31.0,1.54,65.0,468.93
"15 The Parade, Trowbridge, BA14 8JY",CUST0039,02-01-2021,04-07-2020,02-01-2021,76,76,2.47,31.0,1.54,65.0,400.76
"15 The Parade, Trowbridge, BA14 8JY",CUST0039,04-07-2021,03-01-2021,04-07-2021,85,85,2.47,31.0,1.54,65.0,436.85
"15 The Parade, Trowbridge, BA14 8JY",CUST0039,03-01-2022,05-07-2021,03-01-2022,119,119,2.47,31.0,1.54,65.0,573.19
"61 High Street, Marlborough, SN8 1HQ",CUST0040,02-07-2018,01-01-2018,02-07-2018,87,87,2.47,31.0,1.54,65.0,444.87
"61 High Street, Marlborough, SN8 1HQ",CUST0040,01-01-2019,03-07-2018,01-01-2019,122,122,2.47,31.0,1.54,65.0,585.22
"61 High Street, Marlborough, SN8 1HQ",CUST0040,03-07-2019,02-01-2019,03-07-2019,101,101,2.47,31.0,1.54,65.0,501.01
"61 High Street, Marlborough, SN8 1HQ",CUST0040,02-01-2020,04-07-2019,02-01-2020,110,110,2.47,31.0,1.54,65.0,537.1
"61 High Street, Marlborough, SN8 1HQ",CUST0040,03-07-2020,03-01-2020,03-07-2020,140,140,2.47,31.0,1.54,65.0,657.4
"61 High Street, Marlborough, SN8 1HQ",CUST0040,02-01-2021,04-07-2020,02-01-2021,99,99,2.47,31.0,1.54,65.0,492.99
"89 Gold Street, Northampton, NN1 1RA",CUST0041,02-07-2018,01-01-2018,02-07-2018,89,89,2.47,31.0,1.54,65.0,452.89
"89 Gold Street, Northampton, NN1 1RA",CUST0041,01-01-2019,03-07-2018,01-01-2019,116,116,2.47,31.0,1.54,65.0,561.16
"89 Gold Street, Northampton, NN1 1RA",CUST0041,03-07-2019,02-01-2019,03-07-2019,80,80,2.47,31.0,1.54,65.0,416.8
"89 Gold Street, Northampton, NN1 1RA",CUST0041,02-01-2020,04-07-2019,02-01-2020,139,139,2.47,31.0,1.54,65.0,653.39
"89 Gold Street, Northampton, NN1 1RA",CUST0041,03-07-2020,03-01-2020,03-07-2020,115,115,2.47,31.0,1.54,65.0,557.15
"89 Gold Street, Northampton, NN1 1RA",CUST0041,02-01-2021,04-07-2020,02-01-2021,99,99,2.47,31.0,1.54,65.0,492.99
"89 Gold Street, Northampton, NN1 1RA",CUST0041,04-07-2021,03-01-2021,04-07-2021,123,123,2.47,31.0,1.54,65.0,589.23
"89 Gold Street, Northampton, NN1 1RA",CUST0041,03-01-2022,05-07-2021,03-01-2022,133,133,2.47,31.0,1.54,65.0,1644.52
"14 Silver Street, Bradford-on-Avon, BA15 1JX",CUST0042,02-07-2018,01-01-2018,02-07-2018,122,122,2.47,31.0,1.54,65.0,585.22
"14 Silver Street, Bradford-on-Avon, BA15 1JX",CUST0042,01-01-2019,03-07-2018,01-01-2019,118,118,2.47,31.0,1.54,65.0,569.18
"14 Silver Street, Bradford-on-Avon, BA15 1JX",CUST0042,03-07-2019,02-01-2019,03-07-2019,79,79,2.47,31.0,1.54,65.0,412.79
"3 George Street, Luton, LU1 2AQ",CUST0043,02-07-2018,01-01-2018,02-07-2018,133,133,2.47,31.0,1.54,65.0,629.33
"3 George Street, Luton, LU1 2AQ",CUST0043,01-01-2019,03-07-2018,01-01-2019,117,119,2.47,31.0,1.54,65.0,568.25
"3 George Street, Luton, LU1 2AQ",CUST0043,03-07-2019,02-01-2019,03-07-2019,109,109,2.47,31.0,1.54,65.0,533.09
"3 George Street, Luton, LU1 2AQ",CUST0043,02-01-2020,04-07-2019,02-01-2020,132,132,2.47,31.0,1.54,65.0,625.32
"3 George Street, Luton, LU1 2AQ",CUST0043,03-07-2020,03-01-2020,03-07-2020,61,61,2.47,31.0,1.54,65.0,340.61
"3 George Street, Luton, LU1 2AQ",CUST0043,02-01-2021,04-07-2020,02-01-2021,121,121,2.47,31.0,1.54,65.0,581.21
"41 Smith Street, Warwick, CV34 4JA",CUST0044,02-07-2018,01-01-2018,02-07-2018,70,70,2.47,31.0,1.54,65.0,376.7
"41 Smith Street, Warwick, CV34 4JA",CUST0044,01-01-2019,03-07-2018,01-01-2019,98,98,2.47,31.0,1.54,65.0,488.98
"41 Smith Street, Warwick, CV34 4JA",CUST0044,03-07-2019,02-01-2019,03-07-2019,76,76,2.47,31.0,1.54,65.0,400.76
"15 Banbury Road, Oxford, OX2 6NN",CUST0045,02-07-2018,01-01-2018,02-07-2018,105,105,2.47,31.0,1.54,65.0,517.05
"15 Banbury Road, Oxford, OX2 6NN",CUST0045,01-01-2019,03-07-2018,01-01-2019,129,129,2.47,31.0,1.54,65.0,613.29
"15 Banbury Road, Oxford, OX2 6NN",CUST0045,03-07-2019,02-01-2019,03-07-2019,135,135,2.47,31.0,1.54,65.0,637.35
"55 High Street, Woodstock, OX20 1TG",CUST0046,02-07-2018,01-01-2018,02-07-2018,67,67,2.47,31.0,1.54,65.0,364.67
"55 High Street, Woodstock, OX20 1TG",CUST0046,01-01-2019,03-07-2018,01-01-2019,66,66,2.47,31.0,1.54,65.0,360.66
"55 High Street, Woodstock, OX20 1TG",CUST0046,03-07-2019,02-01-2019,03-07-2019,88,88,2.47,31.0,1.54,65.0,448.88
"55 High Street, Woodstock, OX20 1TG",CUST0046,02-01-2020,04-07-2019,02-01-2020,134,134,2.47,31.0,1.54,65.0,633.34
"55 High Street, Woodstock, OX20 1TG",CUST0046,03-07-2020,03-01-2020,03-07-2020,116,116,2.47,31.0,1.54,65.0,561.16
"55 High Street, Woodstock, OX20 1TG",CUST0046,02-01-2021,04-07-2020,02-01-2021,77,77,2.47,31.0,1.54,65.0,404.77
"100 Broad Street, Abingdon, OX14 3LH",CUST0047,02-07-2018,01-01-2018,02-07-2018,70,70,2.47,31.0,1.54,65.0,376.7
"100 Broad Street, Abingdon, OX14 3LH",CUST0047,01-01-2019,03-07-2018,01-01-2019,76,76,2.47,31.0,1.54,65.0,400.76
"100 Broad Street, Abingdon, OX14 3LH",CUST0047,03-07-2019,02-01-2019,03-07-2019,64,64,2.47,31.0,1.54,65.0,352.64
"100 Broad Street, Abingdon, OX14 3LH",CUST0047,02-01-2020,04-07-2019,02-01-2020,73,73,2.47,31.0,1.54,65.0,388.73
"64 Regent Street, Swindon, SN1 1JQ",CUST0048,02-07-2018,01-01-2018,02-07-2018,109,111,2.47,31.0,1.54,65.0,536.17
"64 Regent Street, Swindon, SN1 1JQ",CUST0048,01-01-2019,03-07-2018,01-01-2019,115,115,2.47,31.0,1.54,65.0,557.15
"64 Regent Street, Swindon, SN1 1JQ",CUST0048,03-07-2019,02-01-2019,03-07-2019,72,72,2.47,31.0,1.54,65.0,384.72
"64 Regent Street, Swindon, SN1 1JQ",CUST0048,02-01-2020,04-07-2019,02-01-2020,73,73,2.47,31.0,1.54,65.0,388.73
"64 Regent Street, Swindon, SN1 1JQ",CUST0048,03-07-2020,03-01-2020,03-07-2020,113,113,2.47,31.0,1.54,65.0,549.13
"64 Regent Street, Swindon, SN1 1JQ",CUST0048,02-01-2021,04-07-2020,02-01-2021,109,109,2.47,31.0,1.54,65.0,533.09
"64 Regent Street, Swindon, SN1 1JQ",CUST0048,04-07-2021,03-01-2021,04-07-2021,78,78,2.47,31.0,1.54,65.0,408.78
"64 Regent Street, Swindon, SN1 1JQ",CUST0048,03-01-2022,05-07-2021,03-01-2022,137,137,2.47,31.0,1.54,65.0,645.37
"36 London Street, Basingstoke, RG21 7PG",CUST0049,02-07-2018,01-01-2018,02-07-2018,136,136,2.47,31.0,1.54,65.0,641.36
"36 London Street, Basingstoke, RG21 7PG",CUST0049,01-01-2019,03-07-2018,01-01-2019,98,98,2.47,31.0,1.54,65.0,488.98
"36 London Street, Basingstoke, RG21 7PG",CUST0049,03-07-2019,02-01-2019,03-07-2019,91,91,2.47,31.0,1.54,65.0,460.91
"36 London Street, Basingstoke, RG21 7PG",CUST0049,02-01-2020,04-07-2019,02-01-2020,90,90,2.47,31.0,1.54,65.0,456.9
"36 London Street, Basingstoke, RG21 7PG",CUST0049,03-07-2020,03-01-2020,03-07-2020,77,77,2.47,31.0,1.54,65.0,404.77
"68 High Street, Winchester, SO23 9JX",CUST0050,02-07-2018,01-01-2018,02-07-2018,107,107,2.47,31.0,1.54,65.0,525.07
"68 High Street, Winchester, SO23 9JX",CUST0050,01-01-2019,03-07-2018,01-01-2019,132,132,2.47,31.0,1.54,65.0,625.32
"68 High Street, Winchester, SO23 9JX",CUST0050,03-07-2019,02-01-2019,03-07-2019,138,140,2.47,31.0,1.54,65.0,652.46
"45 High Street, Cirencester, GL7 2NL",CUST0051,02-07-2018,01-01-2018,02-07-2018,123,123,2.47,31.0,1.54,65.0,589.23
"45 High Street, Cirencester, GL7 2NL",CUST0051,01-01-2019,03-07-2018,01-01-2019,85,88,2.47,31.0,1.54,65.0,217.53
"45 High Street, Cirencester, GL7 2NL",CUST0051,03-07-2019,02-01-2019,03-07-2019,129,129,2.47,31.0,1.54,65.0,613.29
"45 High Street, Cirencester, GL7 2NL",CUST0051,02-01-2020,04-07-2019,02-01-2020,62,62,2.47,31.0,1.54,65.0,344.62
"45 High Street, Cirencester, GL7 2NL",CUST0051,03-07-2020,03-01-2020,03-07-2020,107,107,2.47,31.0,1.54,65.0,525.07
"45 High Street, Cirencester, GL7 2NL",CUST0051,02-01-2021,04-07-2020,02-01-2021,78,78,2.47,31.0,1.54,65.0,408.78
"52 High Street, Dunstable, LU6 1HY",CUST0052,02-07-2018,01-01-2018,02-07-2018,104,104,2.47,31.0,1.54,65.0,513.04
"52 High Street, Dunstable, LU6 1HY",CUST0052,01-01-2019,03-07-2018,01-01-2019,88,88,2.47,31.0,1.54,65.0,448.88
"52 High Street, Dunstable, LU6 1HY",CUST0052,03-07-2019,02-01-2019,03-07-2019,136,136,2.47,31.0,1.54,65.0,641.36
"52 High Street, Dunstable, LU6 1HY",CUST0052,02-01-2020,04-07-2019,02-01-2020,117,119,2.47,31.0,1.54,65.0,568.25
"52 High Street, Dunstable, LU6 1HY",CUST0052,03-07-2020,03-01-2020,03-07-2020,92,92,2.47,31.0,1.54,65.0,464.92
"52 High Street, Dunstable, LU6 1HY",CUST0052,02-01-2021,04-07-2020,02-01-2021,119,119,2.47,31.0,1.54,65.0,573.19
"52 High Street, Dunstable, LU6 1HY",CUST0052,04-07-2021,03-01-2021,04-07-2021,138,138,2.47,31.0,1.54,65.0,649.38
"18 Westgate Street, Gloucester, GL1 2NW",CUST0053,02-07-2018,01-01-2018,02-07-2018,79,79,2.47,31.0,1.54,65.0,412.79
"18 Westgate Street, Gloucester, GL1 2NW",CUST0053,01-01-2019,03-07-2018,01-01-2019,138,138,2.47,31.0,1.54,65.0,649.38
"18 Westgate Street, Gloucester, GL1 2NW",CUST0053,03-07-2019,02-01-2019,03-07-2019,127,127,2.47,31.0,1.54,65.0,605.27
"18 Westgate Street, Gloucester, GL1 2NW",CUST0053,02-01-2020,04-07-2019,02-01-2020,134,134,2.47,31.0,1.54,65.0,669.39
"18 Westgate Street, Gloucester, GL1 2NW",CUST0053,03-07-2020,03-01-2020,03-07-2020,130,130,2.47,31.0,1.54,65.0,617.3
"18 Westgate Street, Gloucester, GL1 2NW",CUST0053,02-01-2021,04-07-2020,02-01-2021,111,111,2.47,31.0,1.54,65.0,541.11
"37 Gold Street, Northampton, NN1 1RA",CUST0054,02-07-2018,01-01-2018,02-07-2018,97,97,2.47,31.0,1.54,65.0,484.97
"37 Gold Street, Northampton, NN1 1RA",CUST0054,01-01-2019,03-07-2018,01-01-2019,108,108,2.47,31.0,1.54,65.0,529.08
"37 Gold Street, Northampton, NN1 1RA",CUST0054,03-07-2019,02-01-2019,03-07-2019,118,118,2.47,31.0,1.54,65.0,569.18
"37 Gold Street, Northampton, NN1 1RA",CUST0054,02-01-2020,04-07-2019,02-01-2020,79,79,2.47,31.0,1.54,65.0,412.79
"37 Gold Street, Northampton, NN1 1RA",CUST0054,03-07-2020,03-01-2020,03-07-2020,130,130,2.47,31.0,1.54,65.0,617.3
"37 Gold Street, Northampton, NN1 1RA",CUST0054,02-01-2021,04-07-2020,02-01-2021,128,128,2.47,31.0,1.54,65.0,609.28
"37 Gold Street, Northampton, NN1 1RA",CUST0054,04-07-2021,03-01-2021,04-07-2021,73,73,2.47,31.0,1.54,65.0,388.73
"37 Gold Street, Northampton, NN1 1RA",CUST0054,03-01-2022,05-07-2021,03-01-2022,98,98,2.47,31.0,1.54,65.0,488.98
"43 High Street, Leighton Buzzard, LU7 1EA",CUST0055,02-07-2018,01-01-2018,02-07-2018,121,121,2.47,31.0,1.54,65.0,581.21
"43 High Street, Leighton Buzzard, LU7 1EA",CUST0055,01-01-2019,03-07-2018,01-01-2019,81,81,2.47,31.0,1.54,65.0,420.81
"43 High Street, Leighton Buzzard, LU7 1EA",CUST0055,03-07-2019,02-01-2019,03-07-2019,93,93,2.47,31.0,1.54,65.0,468.93
"15 High Street, Tewkesbury, GL20 5AL",CUST0056,02-07-2018,01-01-2018,02-07-2018,74,74,2.47,31.0,1.54,65.0,392.74
"15 High Street, Tewkesbury, GL20 5AL",CUST0056,01-01-2019,03-07-2018,01-01-2019,132,132,2.47,31.0,1.54,65.0,625.32
"15 High Street, Tewkesbury, GL20 5AL",CUST0056,03-07-2019,02-01-2019,03-07-2019,110,110,2.47,31.0,1.54,65.0,537.1
"19 Castle Street, Wallingford, OX10 8DL",CUST0057,02-07-2018,01-01-2018,02-07-2018,128,128,2.47,31.0,1.54,65.0,609.28
"19 Castle Street, Wallingford, OX10 8DL",CUST0057,01-01-2019,03-07-2018,01-01-2019,68,68,2.47,31.0,1.54,65.0,368.68
"19 Castel Street, Wallingford, OX10 8DL",CUST0057,03-07-2019,02-01-2019,03-07-2019,68,68,2.47,31.0,1.54,65.0,368.68
"19 Castle Street, Wallingford, OX10 8DL",CUST0057,02-01-2020,04-07-2019,02-01-2020,78,78,2.47,31.0,1.54,65.0,408.78
"19 Castle Street, Wallingford, OX10 8DL",CUST0057,03-07-2020,03-01-2020,03-07-2020,67,67,2.47,31.0,1.54,65.0,364.67
"19 Castle Street, Wallingford, OX10 8DL",CUST0057,02-01-2021,04-07-2020,02-01-2021,109,109,2.47,31.0,1.54,65.0,533.09
"19 Castle Street, Wallingford, OX10 8DL",CUST0057,04-07-2021,03-01-2021,04-07-2021,106,106,2.47,31.0,1.54,65.0,521.06
"9 Market Place, Corby, NN17 1NJ",CUST0058,02-07-2018,01-01-2018,02-07-2018,114,114,2.47,31.0,1.54,65.0,553.14
"9 Market Place, Corby, NN17 1NJ",CUST0058,01-01-2019,03-07-2018,01-01-2019,62,62,2.47,31.0,1.54,65.0,344.62
"9 Market Place, Corby, NN17 1NJ",CUST0058,03-07-2019,02-01-2019,03-07-2019,131,131,2.47,31.0,1.54,65.0,621.31
"9 Market Place, Corby, NN17 1NJ",CUST0058,02-01-2020,04-07-2019,02-01-2020,97,97,2.47,31.0,1.54,65.0,484.97
"6 Peascod Street, Windsor, SL4 1DX",CUST0059,02-07-2018,01-01-2018,02-07-2018,86,91,2.47,31.0,1.54,65.0,448.56
"6 Peascod Street, Windsor, SL4 1DX",CUST0059,01-01-2019,03-07-2018,01-01-2019,60,60,2.47,31.0,1.54,65.0,336.6
"6 Peascod Street, Windsor, SL4 1DX",CUST0059,03-07-2019,02-01-2019,03-07-2019,130,130,2.47,31.0,1.54,65.0,617.3
"6 Peascod Street, Windsor, SL4 1DX",CUST0059,02-01-2020,04-07-2019,02-01-2020,87,87,2.47,31.0,1.54,65.0,444.87
"6 Peascod Street, Windsor, SL4 1DX",CUST0059,03-07-2020,03-01-2020,03-07-2020,92,92,2.47,31.0,1.54,65.0,464.92
"9 Wood Street, Chippenham, SN15 3EY",CUST0060,02-07-2018,01-01-2018,02-07-2018,65,65,2.47,31.0,1.54,65.0,356.65
"9 Wood Street, Chippenham, SN15 3EY",CUST0060,01-01-2019,03-07-2018,01-01-2019,127,130,2.47,31.0,1.54,65.0,609.89
"9 Wood Street, Chippenham, SN15 3EY",CUST0060,03-07-2019,02-01-2019,03-07-2019,114,114,2.47,31.0,1.54,65.0,553.14
"9 Wood Street, Chippenham, SN15 3EY",CUST0060,02-01-2020,04-07-2019,02-01-2020,126,126,2.47,31.0,1.54,65.0,601.26
"9 Wood Street, Chippenham, SN15 3EY",CUST0060,03-07-2020,03-01-2020,03-07-2020,138,138,2.47,31.0,1.54,65.0,649.38
"9 Wood Street, Chippenham, SN15 3EY",CUST0060,02-01-2021,04-07-2020,02-01-2021,73,73,2.47,31.0,1.54,65.0,388.73
"9 Wood Street, Chippenham, SN15 3EY",CUST0060,04-07-2021,03-01-2021,04-07-2021,120,120,2.47,31.0,1.54,65.0,577.2
"38 High Street, Marlborough, SN8 1HQ",CUST0061,02-07-2018,01-01-2018,02-07-2018,94,99,2.47,31.0,1.54,65.0,480.64
"38 High Street, Marlborough, SN8 1HQ",CUST0061,01-01-2019,03-07-2018,01-01-2019,75,75,2.47,31.0,1.54,65.0,396.75
"38 High Street, Marlborough, SN8 1HQ",CUST0061,03-07-2019,02-01-2019,03-07-2019,80,80,2.47,31.0,1.54,65.0,416.8
"38 High Street, Marlborough, SN8 1HQ",CUST0061,02-01-2020,04-07-2019,02-01-2020,138,138,2.47,31.0,1.54,65.0,649.38
"38 High Street, Marlborough, SN8 1HQ",CUST0061,03-07-2020,03-01-2020,03-07-2020,67,67,2.47,31.0,1.54,65.0,364.67
"38 High Street, Marlborough, SN8 1HQ",CUST0061,02-01-2021,04-07-2020,02-01-2021,90,90,2.47,31.0,1.54,65.0,456.9
"13 Market Street, Wellingborough, NN8 1AP",CUST0062,02-07-2018,01-01-2018,02-07-2018,80,80,2.47,31.0,1.54,65.0,416.8
"13 Market Street, Wellingborough, NN8 1AP",CUST0062,01-01-2019,03-07-2018,01-01-2019,98,98,2.47,31.0,1.54,65.0,488.98
"13 Market Street, Wellingborough, NN8 1AP",CUST0062,03-07-2019,02-01-2019,03-07-2019,65,65,2.47,31.0,1.54,65.0,356.65
"17 Market Square, Aylesbury, HP20 1TN",CUST0063,02-07-2018,01-01-2018,02-07-2018,93,93,2.47,31.0,1.54,65.0,468.93
"17 Market Square, Aylesbury, HP20 1TN",CUST0063,01-01-2019,03-07-2018,01-01-2019,85,85,2.47,31.0,1.54,65.0,436.85
"17 Market Square, Aylesbury, HP20 1TN",CUST0063,03-07-2019,02-01-2019,03-07-2019,115,115,2.47,31.0,1.54,65.0,557.15
"17 Market Square, Aylesbury, HP20 1TN",CUST0063,02-01-2020,04-07-2019,02-01-2020,87,91,2.47,31.0,1.54,65.0,451.03
"17 Market Square, Aylesbury, HP20 1TN",CUST0063,03-07-2020,03-01-2020,03-07-2020,86,86,2.47,31.0,1.54,65.0,440.86
"17 Market Square, Aylesbury, HP20 1TN",CUST0063,02-01-2021,04-07-2020,02-01-2021,66,66,2.47,31.0,1.54,65.0,360.66
"17 Market Square, Aylesbury, HP20 1TN",CUST0063,04-07-2021,03-01-2021,04-07-2021,133,133,2.47,31.0,1.54,65.0,629.33
"17 Market Square, Aylesbury, HP20 1TN",CUST0063,03-01-2022,05-07-2021,03-01-2022,83,83,2.47,31.0,1.54,65.0,428.83
"37 Market Square, Northampton, NN1 2DL",CUST0064,02-07-2018,01-01-2018,02-07-2018,134,134,2.47,31.0,1.54,65.0,633.34
"37 Market Square, Northampton, NN1 2DL",CUST0064,01-01-2019,03-07-2018,01-01-2019,74,74,2.47,31.0,1.54,65.0,392.74
"37 Market Square, Northampton, NN1 2DL",CUST0064,03-07-2019,02-01-2019,03-07-2019,66,66,2.47,31.0,1.54,65.0,360.66
"37 Market Square, Northampton, NN1 2DL",CUST0064,02-01-2020,04-07-2019,02-01-2020,118,118,2.47,31.0,1.54,65.0,569.18
"37 Market Square, Northampton, NN1 2DL",CUST0064,03-07-2020,03-01-2020,03-07-2020,78,78,2.47,31.0,1.54,65.0,408.78
"37 Market Square, Northampton, NN1 2DL",CUST0064,02-01-2021,04-07-2020,02-01-2021,91,91,2.47,31.0,1.54,65.0,460.91
"37 Market Square, Northampton, NN1 2DL",CUST0064,04-07-2021,03-01-2021,04-07-2021,119,119,2.47,31.0,1.54,65.0,573.19
"37 Market Square, Northampton, NN1 2DL",CUST0064,03-01-2022,05-07-2021,03-01-2022,134,134,2.47,31.0,1.54,65.0,689.15
"7 High Street, Tewkesbury, GL20 5AL",CUST0065,02-07-2018,01-01-2018,02-07-2018,85,85,2.47,31.0,1.54,65.0,436.85
"7 High Street, Tewkesbury, GL20 5AL",CUST0065,01-01-2019,03-07-2018,01-01-2019,67,67,2.47,31.0,1.54,65.0,364.67
"7 High Street, Tewkesbury, GL20 5AL",CUST0065,03-07-2019,02-01-2019,03-07-2019,119,119,2.47,31.0,1.54,65.0,573.19
"7 High Street, Tewkesbury, GL20 5AL",CUST0065,02-01-2020,04-07-2019,02-01-2020,109,109,2.47,31.0,1.54,65.0,533.09
"7 High Street, Tewkesbury, GL20 5AL",CUST0065,03-07-2020,03-01-2020,03-07-2020,136,136,2.47,31.0,1.54,65.0,641.36
"7 High Street, Tewkesbury, GL20 5AL",CUST0065,02-01-2021,04-07-2020,02-01-2021,61,61,2.47,31.0,1.54,65.0,340.61
"7 High Street, Tewkesbury, GL20 5AL",CUST0065,04-07-2021,03-01-2021,04-07-2021,72,72,2.47,31.0,1.54,65.0,384.72
"7 Queen Street, Bicester, OX26 2NY",CUST0066,02-07-2018,01-01-2018,02-07-2018,120,120,2.47,31.0,1.54,65.0,577.2
"7 Queen Street, Bicester, OX26 2NY",CUST0066,01-01-2019,03-07-2018,01-01-2019,62,62,2.47,31.0,1.54,65.0,344.62
"85 Broad Street, Abingdon, OX14 3LH",CUST0066,03-07-2019,02-01-2019,03-07-2019,83,83,2.47,31.0,1.54,65.0,428.83
"7 Queen Street, Bicester, OX26 2NY",CUST0066,02-01-2020,04-07-2019,02-01-2020,115,115,2.47,31.0,1.54,65.0,557.15
"6 Fore Street, Warminster, BA12 9AJ",CUST0067,02-07-2018,01-01-2018,02-07-2018,78,78,2.47,31.0,1.54,65.0,408.78
"6 Fore Street, Warminster, BA12 9AJ",CUST0067,01-01-2019,03-07-2018,01-01-2019,102,102,2.47,31.0,1.54,65.0,505.02
"6 Fore Street, Warminster, BA12 9AJ",CUST0067,03-07-2019,02-01-2019,03-07-2019,110,110,2.47,31.0,1.54,65.0,537.1
"6 Fore Street, Warminster, BA12 9AJ",CUST0067,02-01-2020,04-07-2019,02-01-2020,70,70,2.47,31.0,1.54,65.0,376.7
"6 Fore Street, Warminster, BA12 9AJ",CUST0067,03-07-2020,03-01-2020,03-07-2020,79,79,2.47,31.0,1.54,65.0,412.79
"6 Fore Street, Warminster, BA12 9AJ",CUST0067,02-01-2021,04-07-2020,02-01-2021,83,83,2.47,31.0,1.54,65.0,428.83
"6 Fore Street, Warminster, BA12 9AJ",CUST0067,04-07-2021,03-01-2021,04-07-2021,83,83,2.47,31.0,1.54,65.0,428.83
"6 Fore Street, Warminster, BA12 9AJ",CUST0067,03-01-2022,05-07-2021,03-01-2022,101,101,2.47,31.0,1.54,65.0,501.01
"56 Market Sreet, Wellingborough, NN8 1AP",CUST0068,02-07-2018,01-01-2018,02-07-2018,76,76,2.47,31.0,1.54,65.0,400.76
"56 Market Street, Wellingborough, NN8 1AP",CUST0068,01-01-2019,03-07-2018,01-01-2019,75,75,2.47,31.0,1.54,65.0,396.75
"56 Market Street, Wellingborough, NN8 1AP",CUST0068,03-07-2019,02-01-2019,03-07-2019,97,97,2.47,31.0,1.54,65.0,484.97
"56 Marekt Street, Wellingborough, NN8 1AP",CUST0068,02-01-2020,04-07-2019,02-01-2020,115,115,2.47,31.0,1.54,65.0,557.15
"56 Market Street, Wellingborough, NN8 1AP",CUST0068,03-07-2020,03-01-2020,03-07-2020,81,81,2.47,31.0,1.54,65.0,420.81
"56 Market Street, Wellingborough, NN8 1AP",CUST0068,02-01-2021,04-07-2020,02-01-2021,99,99,2.47,31.0,1.54,65.0,492.99
"56 Market Street, Wellingborough, NN8 1AP",CUST0068,04-07-2021,03-01-2021,04-07-2021,139,139,2.47,31.0,1.54,65.0,653.39
"28 Frogmoor, High Wycombe, HP13 5DG",CUST0069,02-07-2018,01-01-2018,02-07-2018,90,90,2.47,31.0,1.54,65.0,456.9
"28 Frogmoor, High Wycombe, HP13 5DG",CUST0069,01-01-2019,03-07-2018,01-01-2019,86,86,2.47,31.0,1.54,65.0,440.86
"28 Frogmoor, High Wycombe, HP13 5DG",CUST0069,03-07-2019,02-01-2019,03-07-2019,73,73,2.47,31.0,1.54,65.0,388.73
"80 Market Place, Rugby, CV21 3DU",CUST0070,02-07-2018,01-01-2018,02-07-2018,109,109,2.47,31.0,1.54,65.0,533.09
"80 Market Place, Rugby, CV21 3DU",CUST0070,01-01-2019,03-07-2018,01-01-2019,72,72,2.47,31.0,1.54,65.0,384.72
"80 Market Place, Rugby, CV21 3DU",CUST0070,03-07-2019,02-01-2019,03-07-2019,115,115,2.47,31.0,1.54,65.0,557.15
"80 Market Place, Rugby, CV21 3DU",CUST0070,02-01-2020,04-07-2019,02-01-2020,134,134,2.47,31.0,1.54,65.0,633.34
"27 The Parade, Trowbridge, BA14 8JY",CUST0071,02-07-2018,01-01-2018,02-07-2018,69,69,2.47,31.0,1.54,65.0,338.52
"27 The Parade, Trowbridge, BA14 8JY",CUST0071,01-01-2019,03-07-2018,01-01-2019,115,115,2.47,31.0,1.54,65.0,611.64
"27 The Parade, Trowbridge, BA14 8JY",CUST0071,03-07-2019,02-01-2019,03-07-2019,84,84,2.47,31.0,1.54,65.0,432.84
"27 The Parade, Trowbridge, BA14 8JY",CUST0071,02-01-2020,04-07-2019,02-01-2020,87,87,2.47,31.0,1.54,65.0,444.87
"5 Buckingham Street, Aylesbury, HP20 2NJ",CUST0072,02-07-2018,01-01-2018,02-07-2018,109,109,2.47,31.0,1.54,65.0,533.09
"5 Buckingham Street, Aylesbury, HP20 2NJ",CUST0072,01-01-2019,03-07-2018,01-01-2019,79,79,2.47,31.0,1.54,65.0,412.79
"5 Buckingham Street, Aylesbury, HP20 2NJ",CUST0072,03-07-2019,02-01-2019,03-07-2019,60,60,2.47,31.0,1.54,65.0,658.9
"48 Commercial Road, Swindon, SN1 5NX",CUST0073,02-07-2018,01-01-2018,02-07-2018,103,105,2.47,31.0,1.54,65.0,512.11
"48 Commercial Road, Swindon, SN1 5NX",CUST0073,01-01-2019,03-07-2018,01-01-2019,123,126,2.47,31.0,1.54,65.0,593.85
"48 Commercial Road, Swindon, SN1 5NX",CUST0073,03-07-2019,02-01-2019,03-07-2019,137,137,2.47,31.0,1.54,65.0,645.37
"48 Commercial Road, Swindon, SN1 5NX",CUST0073,02-01-2020,04-07-2019,02-01-2020,109,109,2.47,31.0,1.54,65.0,533.09
"92 Church Street, Slough, SL1 1PJ",CUST0074,02-07-2018,01-01-2018,02-07-2018,99,99,2.47,31.0,1.54,65.0,492.99
"92 Church Street, Slough, SL1 1PJ",CUST0074,01-01-2019,03-07-2018,01-01-2019,87,87,2.47,31.0,1.54,65.0,444.87
"92 Church Street, Slough, SL1 1PJ",CUST0074,03-07-2019,02-01-2019,03-07-2019,110,110,2.47,31.0,1.54,65.0,537.1
"92 Church Street, Slough, SL1 1PJ",CUST0074,02-01-2020,04-07-2019,02-01-2020,103,103,2.47,31.0,1.54,65.0,509.03
"92 Church Sreet, Slough, SL1 1PJ",CUST0074,03-07-2020,03-01-2020,03-07-2020,124,124,2.47,31.0,1.54,65.0,593.24
"10 Bridge Street, Stratford-upon-Avon, CV37 6AB",CUST0075,02-07-2018,01-01-2018,02-07-2018,136,136,2.47,31.0,1.54,65.0,641.36
"10 Bridge Street, Stratford-upon-Avon, CV37 6AB",CUST0075,01-01-2019,03-07-2018,01-01-2019,63,63,2.47,31.0,1.54,65.0,348.63
"10 Bridge Street, Stratford-upon-Avon, CV37 6AB",CUST0075,03-07-2019,02-01-2019,03-07-2019,129,129,2.47,31.0,1.54,65.0,613.29
"34 The Mall, Luton, LU1 2TW",CUST0076,02-07-2018,01-01-2018,02-07-2018,66,66,2.47,31.0,1.54,65.0,360.66
"34 The Mall, Luton, LU1 2TW",CUST0076,01-01-2019,03-07-2018,01-01-2019,117,117,2.47,31.0,1.54,65.0,565.17
"34 The Mall, Luton, LU1 2TW",CUST0076,03-07-2019,02-01-2019,03-07-2019,110,110,2.47,31.0,1.54,65.0,537.1
"34 The Mall, Luton, LU1 2TW",CUST0076,02-01-2020,04-07-2019,02-01-2020,136,138,2.47,31.0,1.54,65.0,644.44
"34 The Mall, Luton, LU1 2TW",CUST0076,03-07-2020,03-01-2020,03-07-2020,122,122,2.47,31.0,1.54,65.0,585.22
"34 The Mall, Luton, LU1 2TW",CUST0076,02-01-2021,04-07-2020,02-01-2021,80,80,2.47,31.0,1.54,65.0,416.8
"34 The Mall, Luton, LU1 2TW",CUST0076,04-07-2021,03-01-2021,04-07-2021,69,69,2.47,31.0,1.54,65.0,372.69
"56 Cowley Road, Oxford, OX4 1JB",CUST0077,02-07-2018,01-01-2018,02-07-2018,80,80,2.47,31.0,1.54,65.0,416.8
"56 Cowley Road, Oxford, OX4 1JB",CUST0077,01-01-2019,03-07-2018,01-01-2019,122,122,2.47,31.0,1.54,65.0,585.22
"56 Cowley Road, Oxford, OX4 1JB",CUST0077,03-07-2019,02-01-2019,03-07-2019,126,126,2.47,31.0,1.54,65.0,601.26
"56 Cowley Road, Oxford, OX4 1JB",CUST0077,02-01-2020,04-07-2019,02-01-2020,80,80,2.47,31.0,1.54,65.0,416.8
"56 Cowley Road, Oxford, OX4 1JB",CUST0077,03-07-2020,03-01-2020,03-07-2020,69,69,2.47,31.0,1.54,65.0,372.69
"39 High Street, Windsor, SL4 1LN",CUST0078,02-07-2018,01-01-2018,02-07-2018,122,126,2.47,31.0,1.54,65.0,591.38
"39 High Street, Windsor, SL4 1LN",CUST0078,01-01-2019,03-07-2018,01-01-2019,125,125,2.47,31.0,1.54,65.0,597.25
"39 High Street, Windsor, SL4 1LN",CUST0078,03-07-2019,02-01-2019,03-07-2019,130,133,2.47,31.0,1.54,65.0,621.92
"39 High Street, Windsor, SL4 1LN",CUST0078,02-01-2020,04-07-2019,02-01-2020,95,95,2.47,31.0,1.54,65.0,476.95
"21 George Street, Luton, LU1 2AQ",CUST0079,02-07-2018,01-01-2018,02-07-2018,116,116,2.47,31.0,1.54,65.0,561.16
"21 George Street, Luton, LU1 2AQ",CUST0079,01-01-2019,03-07-2018,01-01-2019,135,135,2.47,31.0,1.54,65.0,637.35
"21 George Street, Luton, LU1 2AQ",CUST0079,03-07-2019,02-01-2019,03-07-2019,104,104,2.47,31.0,1.54,65.0,513.04
"38 Regent Street, Swindon, SN1 1JQ",CUST0080,02-07-2018,01-01-2018,02-07-2018,82,82,2.47,31.0,1.54,65.0,424.82
"38 Regent Street, Swindon, SN1 1JQ",CUST0080,01-01-2019,03-07-2018,01-01-2019,64,64,2.47,31.0,1.54,65.0,352.64
"38 Regent Street, Swindon, SN1 1JQ",CUST0080,03-07-2019,02-01-2019,03-07-2019,60,60,2.47,31.0,1.54,65.0,336.6
"38 Regent Street, Swindon, SN1 1JQ",CUST0080,02-01-2020,04-07-2019,02-01-2020,117,117,2.47,31.0,1.54,65.0,493.49
"26 High Street, Kettering, NN16 8SP",CUST0081,02-07-2018,01-01-2018,02-07-2018,78,78,2.47,31.0,1.54,65.0,408.78
"26 High Street, Kettering, NN16 8SP",CUST0081,01-01-2019,03-07-2018,01-01-2019,67,67,2.47,31.0,1.54,65.0,364.67
"26 High Street, Kettering, NN16 8SP",CUST0081,03-07-2019,02-01-2019,03-07-2019,70,70,2.47,31.0,1.54,65.0,376.7
"26 High Street, Kettering, NN16 8SP",CUST0081,02-01-2020,04-07-2019,02-01-2020,93,93,2.47,31.0,1.54,65.0,468.93
"26 High Street, Kettering, NN16 8SP",CUST0081,03-07-2020,03-01-2020,03-07-2020,113,113,2.47,31.0,1.54,65.0,549.13
"26 High Street, Kettering, NN16 8SP",CUST0081,02-01-2021,04-07-2020,02-01-2021,62,62,2.47,31.0,1.54,65.0,344.62
"26 High Street, Kettering, NN16 8SP",CUST0081,04-07-2021,03-01-2021,04-07-2021,68,68,2.47,31.0,1.54,65.0,368.68
"26 High Street, Kettering, NN16 8SP",CUST0081,03-01-2022,05-07-2021,03-01-2022,78,78,2.47,31.0,1.54,65.0,408.78
"97 The Parade, Trowbridge, BA14 8JY",CUST0082,02-07-2018,01-01-2018,02-07-2018,115,115,2.47,31.0,1.54,65.0,557.15
"97 The Parade, Trowbridge, BA14 8JY",CUST0082,01-01-2019,03-07-2018,01-01-2019,88,91,2.47,31.0,1.54,65.0,453.5
"97 The Parade, Trowbridge, BA14 8JY",CUST0082,03-07-2019,02-01-2019,03-07-2019,74,74,2.47,31.0,1.54,65.0,392.74
"97 The Parade, Trowbridge, BA14 8JY",CUST0082,02-01-2020,04-07-2019,02-01-2020,122,122,2.47,31.0,1.54,65.0,585.22
"97 The Parade, Trowbridge, BA14 8JY",CUST0082,03-07-2020,03-01-2020,03-07-2020,116,116,2.47,31.0,1.54,65.0,561.16
"97 The Parade, Trowbridge, BA14 8JY",CUST0082,02-01-2021,04-07-2020,02-01-2021,115,115,2.47,31.0,1.54,65.0,557.15
"97 The Parade, Trowbridge, BA14 8JY",CUST0082,04-07-2021,03-01-2021,04-07-2021,98,98,2.47,31.0,1.54,65.0,488.98
"5 High Street, Crawley, RH10 1BW",CUST0083,02-07-2018,01-01-2018,02-07-2018,130,130,2.47,31.0,1.54,65.0,617.3
"5 High Street, Crawley, RH10 1BW",CUST0083,01-01-2019,03-07-2018,01-01-2019,137,137,2.47,31.0,1.54,65.0,645.37
"5 High Street, Crawley, RH10 1BW",CUST0083,03-07-2019,02-01-2019,03-07-2019,109,109,2.47,31.0,1.54,65.0,533.09
"5 High Street, Crawley, RH10 1BW",CUST0083,02-01-2020,04-07-2019,02-01-2020,93,93,2.47,31.0,1.54,65.0,468.93
"5 High Street, Crawley, RH10 1BW",CUST0083,03-07-2020,03-01-2020,03-07-2020,84,84,2.47,31.0,1.54,65.0,432.84
"19 Broad Street, Reading, RG1 2BH",CUST0084,02-07-2018,01-01-2018,02-07-2018,122,122,2.47,31.0,1.54,65.0,585.22
"19 Broad Street, Reading, RG1 2BH",CUST0084,01-01-2019,03-07-2018,01-01-2019,80,80,2.47,31.0,1.54,65.0,416.8
"19 Broad Street, Reading, RG1 2BH",CUST0084,03-07-2019,02-01-2019,03-07-2019,129,129,2.47,31.0,1.54,65.0,613.29
"19 Broad Street, Reading, RG1 2BH",CUST0084,02-01-2020,04-07-2019,02-01-2020,127,127,2.47,31.0,1.54,65.0,605.27
"19 Broad Street, Reading, RG1 2BH",CUST0084,03-07-2020,03-01-2020,03-07-2020,117,117,2.47,31.0,1.54,65.0,565.17
"19 Broad Street, Reading, RG1 2BH",CUST0084,02-01-2021,04-07-2020,02-01-2021,102,102,2.47,31.0,1.54,65.0,505.02
"19 Broad Street, Reading, RG1 2BH",CUST0084,04-07-2021,03-01-2021,04-07-2021,109,109,2.47,31.0,1.54,65.0,533.09
"83 George Street, Luton, LU1 2AQ",CUST0085,02-07-2018,01-01-2018,02-07-2018,66,66,2.47,31.0,1.54,65.0,360.66
"83 George Street, Luton, LU1 2AQ",CUST0085,01-01-2019,03-07-2018,01-01-2019,106,106,2.47,31.0,1.54,65.0,521.06
"83 George Street, Luton, LU1 2AQ",CUST0085,03-07-2019,02-01-2019,03-07-2019,67,67,2.47,31.0,1.54,65.0,364.67
"15 East Street, Chichester, PO19 1HE",CUST0086,02-07-2018,01-01-2018,02-07-2018,78,78,2.47,31.0,1.54,65.0,408.78
"15 East Street, Chichester, PO19 1HE",CUST0086,01-01-2019,03-07-2018,01-01-2019,136,136,2.47,31.0,1.54,65.0,641.36
"15 East Street, Chichester, PO19 1HE",CUST0086,03-07-2019,02-01-2019,03-07-2019,127,127,2.47,31.0,1.54,65.0,567.47
"15 East Street, Chichester, PO19 1HE",CUST0086,02-01-2020,04-07-2019,02-01-2020,103,103,2.47,31.0,1.54,65.0,509.03
"65 Castle Street, Salisbury, SP1 3UD",CUST0087,02-07-2018,01-01-2018,02-07-2018,114,114,2.47,31.0,1.54,65.0,553.14
"65 Castle Street, Salisbury, SP1 3UD",CUST0087,01-01-2019,03-07-2018,01-01-2019,122,122,2.47,31.0,1.54,65.0,585.22
"65 Castle Street, Salisbury, SP1 3UD",CUST0087,03-07-2019,02-01-2019,03-07-2019,98,98,2.47,31.0,1.54,65.0,488.98
"65 Castle Street, Salisbury, SP1 3UD",CUST0087,02-01-2020,04-07-2019,02-01-2020,124,124,2.47,31.0,1.54,65.0,593.24
"67 Commercial Road, Swindon, SN1 5NX",CUST0088,02-07-2018,01-01-2018,02-07-2018,93,93,2.47,31.0,1.54,65.0,468.93
"67 Commercial Road, Swindon, SN1 5NX",CUST0088,01-01-2019,03-07-2018,01-01-2019,73,73,2.47,31.0,1.54,65.0,388.73
"67 Commercial Road, Swindon, SN1 5NX",CUST0088,03-07-2019,02-01-2019,03-07-2019,139,139,2.47,31.0,1.54,65.0,653.39
"67 Commercial Road, Swindon, SN1 5NX",CUST0088,02-01-2020,04-07-2019,02-01-2020,102,102,2.47,31.0,1.54,65.0,505.02
"67 Commercial Road, Swindon, SN1 5NX",CUST0088,03-07-2020,03-01-2020,03-07-2020,86,86,2.47,31.0,1.54,65.0,440.86
"67 Commercial Road, Swindon, SN1 5NX",CUST0088,02-01-2021,04-07-2020,02-01-2021,97,97,2.47,31.0,1.54,65.0,484.97
"67 Commercial Road, Swindon, SN1 5NX",CUST0088,04-07-2021,03-01-2021,04-07-2021,77,77,2.47,31.0,1.54,65.0,404.77
"67 Commercial Road, Swindon, SN1 5NX",CUST0088,03-01-2022,05-07-2021,03-01-2022,122,122,2.47,31.0,1.54,65.0,585.22
"25 Above Bar Street, Southampton, SO14 7DX",CUST0089,02-07-2018,01-01-2018,02-07-2018,64,64,2.47,31.0,1.54,65.0,352.64
"25 Above Bar Street, Southampton, SO14 7DX",CUST0089,01-01-2019,03-07-2018,01-01-2019,123,123,2.47,31.0,1.54,65.0,589.23
"25 Above Bar Street, Southampton, SO14 7DX",CUST0089,03-07-2019,02-01-2019,03-07-2019,121,121,2.47,31.0,1.54,65.0,581.21
"25 Above Bar Street, Southampton, SO14 7DX",CUST0089,02-01-2020,04-07-2019,02-01-2020,104,104,2.47,31.0,1.54,65.0,513.04
"36 Market Square, Aylesbury, HP20 1TN",CUST0090,02-07-2018,01-01-2018,02-07-2018,103,103,2.47,31.0,1.54,65.0,509.03
"36 Market Square, Aylesbury, HP20 1TN",CUST0090,01-01-2019,03-07-2018,01-01-2019,105,105,2.47,31.0,1.54,65.0,517.05
"36 Market Square, Aylesbury, HP20 1TN",CUST0090,03-07-2019,02-01-2019,03-07-2019,91,91,2.47,31.0,1.54,65.0,460.91
"36 Marekt Square, Aylesbury, HP20 1TN",CUST0090,02-01-2020,04-07-2019,02-01-2020,80,80,2.47,31.0,1.54,65.0,416.8
"36 Market Square, Aylesbury, HP20 1TN",CUST0090,03-07-2020,03-01-2020,03-07-2020,72,72,2.47,31.0,1.54,65.0,384.72
"36 Market Square, Aylesbury, HP20 1TN",CUST0090,02-01-2021,04-07-2020,02-01-2021,60,60,2.47,31.0,1.54,65.0,336.6
"36 Market Square, Aylesbury, HP20 1TN",CUST0090,04-07-2021,03-01-2021,04-07-2021,61,61,2.47,31.0,1.54,65.0,340.61
"83 Market Place, Corby, NN17 1NJ",CUST0091,02-07-2018,01-01-2018,02-07-2018,85,85,2.47,31.0,1.54,65.0,436.85
"83 Market Place, Corby, NN17 1NJ",CUST0091,01-01-2019,03-07-2018,01-01-2019,63,63,2.47,31.0,1.54,65.0,142.66
"83 Market Place, Corby, NN17 1NJ",CUST0091,03-07-2019,02-01-2019,03-07-2019,134,134,2.47,31.0,1.54,65.0,633.34
"83 Market Place, Corby, NN17 1NJ",CUST0091,02-01-2020,04-07-2019,02-01-2020,132,132,2.47,31.0,1.54,65.0,625.32
"83 Market Place, Corby, NN17 1NJ",CUST0091,03-07-2020,03-01-2020,03-07-2020,66,66,2.47,31.0,1.54,65.0,360.66
"83 Market Place, Corby, NN17 1NJ",CUST0091,02-01-2021,04-07-2020,02-01-2021,96,96,2.47,31.0,1.54,65.0,480.96
"83 Market Place, Corby, NN17 1NJ",CUST0091,04-07-2021,03-01-2021,04-07-2021,100,100,2.47,31.0,1.54,65.0,497.0
"73 Church Street, Slough, SL1 1PJ",CUST0092,02-07-2018,01-01-2018,02-07-2018,65,65,2.47,31.0,1.54,65.0,356.65
"73 Church Street, Slough, SL1 1PJ",CUST0092,01-01-2019,03-07-2018,01-01-2019,122,122,2.47,31.0,1.54,65.0,585.22
"73 Church Street, Slough, SL1 1PJ",CUST0092,03-07-2019,02-01-2019,03-07-2019,89,89,2.47,31.0,1.54,65.0,452.89
"73 Church Street, Slough, SL1 1PJ",CUST0092,02-01-2020,04-07-2019,02-01-2020,120,120,2.47,31.0,1.54,65.0,577.2
"73 Church Street, Slough, SL1 1PJ",CUST0092,03-07-2020,03-01-2020,03-07-2020,125,125,2.47,31.0,1.54,65.0,597.25
"73 Church Street, Slough, SL1 1PJ",CUST0092,02-01-2021,04-07-2020,02-01-2021,74,74,2.47,31.0,1.54,65.0,392.74
"73 Church Street, Slough, SL1 1PJ",CUST0092,04-07-2021,03-01-2021,04-07-2021,85,85,2.47,31.0,1.54,65.0,436.85
"73 Church Street, Slough, SL1 1PJ",CUST0092,03-01-2022,05-07-2021,03-01-2022,106,106,2.47,31.0,1.54,65.0,521.06
"33 North Street, Brighton, BN1 1RH",CUST0093,02-07-2018,01-01-2018,02-07-2018,72,72,2.47,31.0,1.54,65.0,384.72
"33 North Street, Brighton, BN1 1RH",CUST0093,01-01-2019,03-07-2018,01-01-2019,120,120,2.47,31.0,1.54,65.0,577.2
"33 North Street, Brighton, BN1 1RH",CUST0093,03-07-2019,02-01-2019,03-07-2019,127,127,2.47,31.0,1.54,65.0,605.27
"33 North Sreet, Brighton, BN1 1RH",CUST0093,02-01-2020,04-07-2019,02-01-2020,61,61,2.47,31.0,1.54,65.0,340.61
"33 North Sreet, Brighton, BN1 1RH",CUST0093,03-07-2020,03-01-2020,03-07-2020,61,61,2.47,31.0,1.54,65.0,340.61
"33 North Street, Brighton, BN1 1RH",CUST0093,02-01-2021,04-07-2020,02-01-2021,65,65,2.47,31.0,1.54,65.0,356.65
"7 Western Road, Hove, BN3 1AF",CUST0094,02-07-2018,01-01-2018,02-07-2018,112,112,2.47,31.0,1.54,65.0,545.12
"7 Western Road, Hove, BN3 1AF",CUST0094,01-01-2019,03-07-2018,01-01-2019,69,69,2.47,31.0,1.54,65.0,372.69
"7 Western Road, Hove, BN3 1AF",CUST0094,03-07-2019,02-01-2019,03-07-2019,92,92,2.47,31.0,1.54,65.0,464.92
"7 Western Road, Hove, BN3 1AF",CUST0094,02-01-2020,04-07-2019,02-01-2020,89,89,2.47,31.0,1.54,65.0,452.89
"7 Western Road, Hove, BN3 1AF",CUST0094,03-07-2020,03-01-2020,03-07-2020,94,94,2.47,31.0,1.54,65.0,472.94
"7 Western Road, Hove, BN3 1AF",CUST0094,02-01-2021,04-07-2020,02-01-2021,110,110,2.47,31.0,1.54,65.0,537.1
"7 Western Road, Hove, BN3 1AF",CUST0094,04-07-2021,03-01-2021,04-07-2021,72,72,2.47,31.0,1.54,65.0,384.72
"7 Western Road, Hove, BN3 1AF",CUST0094,03-01-2022,05-07-2021,03-01-2022,133,133,2.47,31.0,1.54,65.0,629.33
"16 Market Place, Rugby, CV21 3DU",CUST0095,02-07-2018,01-01-2018,02-07-2018,65,65,2.47,31.0,1.54,65.0,356.65
"16 Market Place, Rugby, CV21 3DU",CUST0095,01-01-2019,03-07-2018,01-01-2019,98,98,2.47,31.0,1.54,65.0,488.98
"16 Market Place, Rugby, CV21 3DU",CUST0095,03-07-2019,02-01-2019,03-07-2019,96,96,2.47,31.0,1.54,65.0,480.96
"16 Market Place, Rugby, CV21 3DU",CUST0095,02-01-2020,04-07-2019,02-01-2020,114,114,2.47,31.0,1.54,65.0,553.14
"16 Market Place, Rugby, CV21 3DU",CUST0095,03-07-2020,03-01-2020,03-07-2020,126,126,2.47,31.0,1.54,65.0,601.26
"16 Market Place, Rugby, CV21 3DU",CUST0095,02-01-2021,04-07-2020,02-01-2021,111,111,2.47,31.0,1.54,65.0,541.11
"33 Cowley Road, Oxford, OX4 1JB",CUST0096,02-07-2018,01-01-2018,02-07-2018,69,69,2.47,31.0,1.54,65.0,372.69
"33 Cowley Road, Oxford, OX4 1JB",CUST0096,01-01-2019,03-07-2018,01-01-2019,68,68,2.47,31.0,1.54,65.0,1041.02
"33 Cowley Road, Oxford, OX4 1JB",CUST0096,03-07-2019,02-01-2019,03-07-2019,93,93,2.47,31.0,1.54,65.0,468.93
"33 Cowley Road, Oxford, OX4 1JB",CUST0096,02-01-2020,04-07-2019,02-01-2020,101,101,2.47,31.0,1.54,65.0,501.01
"4 Church Street, Slough, SL1 1PJ",CUST0097,02-07-2018,01-01-2018,02-07-2018,91,91,2.47,31.0,1.54,65.0,460.91
"4 Church Street, Slough, SL1 1PJ",CUST0097,01-01-2019,03-07-2018,01-01-2019,98,101,2.47,31.0,1.54,65.0,493.6
"4 Church Street, Slough, SL1 1PJ",CUST0097,03-07-2019,02-01-2019,03-07-2019,112,112,2.47,31.0,1.54,65.0,545.12
"4 Church Street, Slough, SL1 1PJ",CUST0097,02-01-2020,04-07-2019,02-01-2020,98,98,2.47,31.0,1.54,65.0,557.36
"4 Church Street, Slough, SL1 1PJ",CUST0097,03-07-2020,03-01-2020,03-07-2020,139,139,2.47,31.0,1.54,65.0,653.39
"4 Chruch Street, Slough, SL1 1PJ",CUST0097,02-01-2021,04-07-2020,02-01-2021,93,93,2.47,31.0,1.54,65.0,468.93
"4 Church Street, Slough, SL1 1PJ",CUST0097,04-07-2021,03-01-2021,04-07-2021,78,78,2.47,31.0,1.54,65.0,408.78
"11 High Street North, Dunstable, LU6 1JX",CUST0098,02-07-2018,01-01-2018,02-07-2018,135,135,2.47,31.0,1.54,65.0,637.35
"11 High Street North, Dunstable, LU6 1JX",CUST0098,01-01-2019,03-07-2018,01-01-2019,65,65,2.47,31.0,1.54,65.0,356.65
"11 High Street North, Dunstable, LU6 1JX",CUST0098,03-07-2019,02-01-2019,03-07-2019,128,128,2.47,31.0,1.54,65.0,609.28
"11 High Street North, Dunstable, LU6 1JX",CUST0098,02-01-2020,04-07-2019,02-01-2020,62,62,2.47,31.0,1.54,65.0,344.62
"41 Commercial Road, Portsmouth, PO1 1BT",CUST0099,02-07-2018,01-01-2018,02-07-2018,88,88,2.47,31.0,1.54,65.0,488.43
"41 Commercial Road, Portsmouth, PO1 1BT",CUST0099,01-01-2019,03-07-2018,01-01-2019,128,128,2.47,31.0,1.54,65.0,609.28
"41 Commercial Road, Portsmouth, PO1 1BT",CUST0099,03-07-2019,02-01-2019,03-07-2019,135,135,2.47,31.0,1.54,65.0,637.35
"41 Commercial Road, Portsmouth, PO1 1BT",CUST0099,02-01-2020,04-07-2019,02-01-2020,94,94,2.47,31.0,1.54,65.0,472.94
"41 Commercial Road, Portsmouth, PO1 1BT",CUST0099,03-07-2020,03-01-2020,03-07-2020,83,83,2.47,31.0,1.54,65.0,428.83
"41 Commercial Road, Portsmouth, PO1 1BT",CUST0099,02-01-2021,04-07-2020,02-01-2021,95,95,2.47,31.0,1.54,65.0,476.95
"41 Commercial Road, Portsmouth, PO1 1BT",CUST0099,04-07-2021,03-01-2021,04-07-2021,86,86,2.47,31.0,1.54,65.0,440.86
"14 Frogmoor, High Wycombe, HP13 5DG",CUST0100,02-07-2018,01-01-2018,02-07-2018,111,111,2.47,31.0,1.54,65.0,541.11
"14 Frogmoor, Hihg Wycombe, HP13 5DG",CUST0100,01-01-2019,03-07-2018,01-01-2019,72,72,2.47,31.0,1.54,65.0,384.72
"14 Frogmoor, High Wycombe, HP13 5DG",CUST0100,03-07-2019,02-01-2019,03-07-2019,99,99,2.47,31.0,1.54,65.0,492.99
